:020000040800F2
:1000000050800024A5030008B1AC000879A00008C6
:10001000ADAC0008630500082F00010800000000D7
:10002000000000000000000000000000E5020008E1
:10003000090C000800000000410300085DB400083E
:10004000BF030008BF030008BF030008BF03000888
:10005000BF030008BF030008BF030008BF03000878
:10006000BF030008BF030008BF0300083D060008E7
:100070004D0600085D0600086D0600087D060008B4
:100080008D060008BF030008BF0300088D0C0008A0
:10009000010D0008BF030008BF030008BF030008EC
:1000A000BF030008BF030008BF030008BF03000828
:1000B0001DB60008BF030008BF030008BF03000807
:1000C000BF030008BF030008BF030008BF03000808
:1000D00021B30008B5CE0008C5CE0008D5CE000873
:1000E0000B0C0008BF03000800000000BF0300085D
:1000F000BF030008BF030008BF030008BF030008D8
:10010000BF030008BF030008BF030008BF030008C7
:10011000BF030008F5BA0008BF030008BF030008CA
:10012000BF030008BF030008BF030008BF030008A7
:10013000BF030008BF030008BF030008BF03000897
:1001400000000000000000000000000000000000AF
:10015000BF030008BF030008BF030008BF03000877
:10016000BF030008BF030008BF030008BF03000867
:10017000BF030008E9AD0008BF030008000000004D
:10018000BF030008BF030008BF030008BF03000847
:10019000BF030008BF030008BF030008BF03000837
:1001A000BF030008BF030008BF03000800000000F1
:1001B000BF030008BF030008BF030008BF03000817
:1001C000BF030008BF03000800000000000000009B
:1001D0000000000000000000BF0300080000000055
:1001E000000000000000000000000000000000000F
:1001F0000000000000000000BF030008BF0300086B
:10020000BF030008BF03000800000000BF03000890
:10021000BF030008BF030008BF030008BF030008B6
:10022000BF03000800000000BF030008000000003A
:10023000BF030008BF03000800000000BF03000860
:10024000BF030008BF030008BF030008BF03000886
:10025000BF030008BF030008BF030008BF03000876
:10026000BF030008BF030008BF030008BF03000866
:10027000BF030008BF030008BF0300080000000020
:10028000BF030008BF030008BF030008BF03000846
:1002900000000000BF030008BF03000800000000CA
:1002A00000000000BF030008BF030008BF030008F0
:1002B000BF030008BF030008BF030008BF03000816
:1002C000BF030008BF030008BF030008DFF810D019
:1002D00000F00AF9004800475D060108AFF300800E
:1002E000508000242C4B19680868B0E8F04F80F368
:1002F0000988BFF36F8F4FF0000080F311887047BB
:100300000000000008480068006880F308884FF08B
:10031000000080F3148862B661B6BFF34F8FBFF35D
:100320006F8F00DF00BF00BF08ED00E0DFF80C00BA
:10033000016841F470010160704700BF88ED00E082
:10034000EFF30980BFF36F8F134B1A681EF0100F85
:1003500008BF20ED108A20E9F04F106009B44FF07B
:10036000500080F31188BFF34F8FBFF36F8F11F0F0
:10037000D3FC4FF0000080F3118809BC19680868AD
:10038000B0E8F04F1EF0100F08BFB0EC108A80F3F9
:100390000988BFF36F8F704700000024EFF30580DA
:1003A000704700000648804706480047FEE7FEE722
:1003B000FEE7FEE7FEE7FEE7FEE7FEE7FEE7FEE715
:1003C0003DB50008CD0200082DE9F05F054600208C
:1003D00092469B4688460646814640241BE02846B6
:1003E00041464746224600F06EF853465A46C01A28
:1003F000914110D311461846224600F055F82D1AA7
:1004000067EB01084F4622460120002100F04CF81E
:1004100017EB00094E41201EA4F10104DFDC484621
:1004200031462A464346BDE8F09F10B5431A934231
:1004300009D28318881803E010F8011D03F8011D84
:10044000521EF9D210BD40EA01039B0703D009E018
:1004500008C9121F08C0042AFAD203E011F8013BB0
:1004600000F8013B521EF9D210BDD2B201E000F8F3
:10047000012B491EFBD270470022F6E710B5134648
:100480000A4604461946FFF7F0FF204610BD30B576
:1004900004460020034600E05B1C934203D2E05C6C
:1004A000CD5C401BF8D030BD202A04DB203A00FA96
:1004B00002F1002070479140C2F1200320FA03F3BB
:1004C000194390407047202A04DB203A21FA02F0B9
:1004D0000021704721FA02F3D040C2F1200291407E
:1004E0000843194670470000064C074D06E0E068D7
:1004F00040F0010394E8070098471034AC42F6D36B
:10050000FFF7E8FE882D0108A82D010870B58C18AA
:1005100010F8015B15F0070301D110F8013B2A1117
:1005200006D110F8012B03E010F8016B01F8016B04
:100530005B1EF9D12B0705D40023521E0DD401F800
:10054000013BFAE710F8013BCB1A921C03E013F8C9
:10055000015B01F8015B521EF9D5A142D8D30020FE
:1005600070BD00BFFEE70346042B15D007DC7BB14E
:10057000012B0ED0022B0DD0032B12D10BE0202B20
:100580000BD0212B0AD0222B09D0232B09D107E035
:1005900008E007E006E005E004E003E002E001E037
:1005A00000E000BF00BF002070470020704700003F
:1005B00010B50022044905480CF03BFF04490348EC
:1005C0000CF028FF002010BD246D0024486000249A
:1005D0002465002470B504460D46204629680FF0B6
:1005E000CBFB214603480CF015FF02480CF0DEFE61
:1005F000002070BD4860002410B503460C46002161
:10060000084610BD2DE9F04104460D4600260A4873
:10061000D0F8BC72D7F8140210B10120BDE8F08107
:100620002A46214604480CF004FF03480CF0B4FFAE
:1006300006463046F2E700004860002410B5024844
:1006400001F0FCFC10BD00003854002410B5024835
:1006500001F0F4FC10BD0000B054002410B50248B5
:1006600001F0ECFC10BD0000185A002410B502483F
:1006700001F0E4FC10BD0000905A002410B50248BF
:1006800001F0DCFC10BD0000085B002410B502483E
:1006900001F0D4FC10BD0000805B00240146374A05
:1006A0000868904249D0354A18320868904244D0D0
:1006B000324A3032086890423FD0304A48320868A7
:1006C00090423AD02D4A60320868904235D02B4A89
:1006D00078320868904230D0284A903208689042B8
:1006E0002BD0264AA8320868904226D0244A0868AF
:1006F000904222D0224A1832086890421DD0204AE7
:1007000030320868904218D01D4A4832086890423A
:1007100013D01B4A6032086890420ED0184A7832D3
:100720000868904209D0164A90320868904204D076
:10073000134AA8320868904201D1012000E000204D
:10074000B0B10A78103A1823B2FBF3F000F00702B8
:100750000C4B9A5CCA65032805D90A686FF3090235
:10076000121D8A6503E00A686FF309028A6503E0D7
:10077000086820F0FF008865886D7047100002400F
:1007800010040240642C010810B502682B4C036869
:10079000A34222D0294C14340368A3421DD0274C15
:1007A00028340368A34218D0244C3C340368A34285
:1007B00013D0224C50340368A3420ED01F4C643433
:1007C0000368A34209D01D4C78340368A34204D0C7
:1007D0001A4C8C340368A34201D1012300E00023AA
:1007E0008BB10378083B1424B3FBF4F1144B03EBF7
:1007F00081030366124B8033436601F01F0401231B
:10080000A340836618E00378103B1824B3FBF4F18F
:100810000C4B9A4204D80B4BA83B9A4200D30831A8
:10082000094B03EB81030366074B8033436601F0FA
:100830001F040123A340836610BD00000854025822
:1008400000580258B8040240000802400179A9B3D8
:10085000082940D8204B02689A4222D01E4B1433FC
:1008600002689A421DD01C4B283302689A4218D065
:10087000194B3C3302689A4213D0174B503302682D
:100880009A420ED0144B643302689A4209D0124B3C
:10089000783302689A4204D00F4B8C3302689A4234
:1008A00001D1012200E000224AB14A1E0B4B03EBAA
:1008B0008202C266094A4032026708E00BE04A1E23
:1008C000074B03EB8202C266054A403202674A1EAA
:1008D0000123934043677047085402580059025857
:1008E00000090240014600208A69D2B98A6A32B101
:1008F000012A0DD0022A03D0032A10D10EE000BF36
:10090000CA6A02F08072B2F1807F00D1012007E054
:10091000CA6AB2F1C07F00D1012001E000E000BF4F
:1009200036E08A69B2F5005F1BD18A6A32B1012ACA
:1009300007D0022A03D0032A11D10AE000BF012008
:100940000EE0CA6A02F08072B2F1807F00D101200D
:1009500006E0CA6AB2F1C07F00D1012000E000BF0A
:1009600016E08A6A32B1012A05D0022A04D0032A8D
:100970000CD103E000BF00BF012008E0CA6A02F00A
:100980008072B2F1807F00D1012000E000BF00BF83
:1009900070470000F0B5856D846D984F0668BE42C3
:1009A00070D0964F18370668BE426BD0934F3037E1
:1009B0000668BE4266D0914F48370668BE4261D095
:1009C0008E4F60370668BE425CD08C4F7837066821
:1009D000BE4257D0894F90370668BE4252D0874FEB
:1009E000A8370668BE424DD0854F0668BE4249D042
:1009F000834F18370668BE4244D0814F30370668AF
:100A0000BE423FD07E4F48370668BE423AD07C4F48
:100A100060370668BE4235D0794F78370668BE42E7
:100A200030D0774F90370668BE422BD0744FA8372E
:100A30000668BE4226D0734F0668BE4222D0714F70
:100A400014370668BE421DD06E4F28370668BE4276
:100A500018D06C4F3C370668BE4213D0694F5037F0
:100A60000668BE420ED0674F64370668BE4209D0A2
:100A7000644F78370668BE4204D0624F8C370668F0
:100A8000BE4201D1012600E000263EB1D0E9197630
:100A90007E60C66E16B1D0E91C767E60574F066840
:100AA000BE4249D0554F18370668BE4244D0534F16
:100AB00030370668BE423FD0504F48370668BE42C6
:100AC0003AD04E4F60370668BE4235D04B4F78372C
:100AD0000668BE4230D0494F90370668BE422BD0E0
:100AE000464FA8370668BE4226D0454F0668BE422C
:100AF00022D0434F18370668BE421DD0404F3037D2
:100B00000668BE4218D03E4F48370668BE4213D032
:100B10003B4F60370668BE420ED0394F78370668C3
:100B2000BE4209D0364F90370668BE4204D0344FDB
:100B3000A8370668BE4201D1012600E00026DEB1DA
:100B400090F85C6006F01F073F26BE40AE60066866
:100B5000366826F4802607683E60066873608668FB
:100B6000402E04D10668B2600668F16044E0066871
:100B7000B1600668F2603FE0224F0668BE4222D0B4
:100B8000204F14370668BE421DD01E4F2837066816
:100B9000BE4218D01B4F3C370668BE4213D0194FD7
:100BA00050370668BE420ED0164F64370668BE4204
:100BB00009D0144F78370668BE4204D0114F8C37E5
:100BC0000668BE4201D1012600E00026A6B190F8D9
:100BD0005C6006F01F070126BE4066600668736011
:100BE0008668402E04D10668B2600668F16003E0B2
:100BF0000668B1600668F260F0BD000010000240B7
:100C00001004024008540258704710B54FF4806039
:100C100003F03AFB4FF4805003F036FB4FF40040F2
:100C200003F032FB10BD72B600BFFEE700B589B01D
:100C30000020019002900390012004900020059074
:100C40000F20069001A9104802F09FFC08B1FFF7A1
:100C5000EAFF002003460222114600900A4802F0F3
:100C6000E8FC08B1FFF7DFFF00220121064802F08F
:100C7000EFFB08B1FFF7D7FF034803F0DFFA08B135
:100C8000FFF7D1FF09B000BD9850002410B502480D
:100C900002F0E8FD10BD00009850002400B589B0B6
:100CA0000020019001200290002003900220049077
:100CB000002005900F20069001A9104802F065FC65
:100CC00008B1FFF7B0FF0020034602221146009052
:100CD0000A4802F0AEFC08B1FFF7A5FF0022502140
:100CE000064802F0B5FB08B1FFF79DFF034803F08B
:100CF000A5FA08B1FFF797FF09B000BD38510024ED
:100D000010B5024802F0AEFD10BD000038510024BD
:100D100010B501464A6B0868D0F884004FF6FC74A1
:100D2000A04340EA82000C68C4F884000868D0F848
:100D3000840020F47F04088F44EA00400C68C4F863
:100D40008400886B02440868D0F888004FF6FC7471
:100D5000A04340EA82000C68C4F888000868D0F814
:100D6000880020F4FE04888F44EA00400C68C4F830
:100D70008800C86B02EB40020868D0F8A0004FF66C
:100D8000FC74A04340EA82000C68C4F8A000086824
:100D9000D0F8A00020F4FE044020405A44EA00406D
:100DA0000C68C4F8A000D1E9104004FB00220868D8
:100DB000D0F8B0004FF6FC74A04340EA82000C6803
:100DC000C4F8B0000868D0F8B00020F4FE04B1F810
:100DD000480044EA00400C68C4F8B000D1E9124071
:100DE00004FB00220868D0F8AC004FF6FC74A04366
:100DF00040EA82000C68C4F8AC00D1E9144004FB5E
:100E000000220868D0F8F0004FF6FC74A04340EAD6
:100E100082000C68C4F8F0000868D0F8F00020F4F4
:100E20007C14B1F8580044EA00400C68C4F8F000A3
:100E3000886D02EB40020868D0F8C0004FF6FC74E1
:100E4000A04340EA82000C68C4F8C0000868D0F8EB
:100E5000C00020F47C14B1F85C0044EA00400C6847
:100E6000C4F8C0000868D0F8C00020F07C5491F8A5
:100E7000600044EA00600C68C4F8C0002A4C486B6B
:100E800004EB8000C866CC6E886B04EB80040C67B2
:100E90000C6FC86B04EBC0044C67D1E910046043CD
:100EA0004C6F04EB80048C67D1E9120460438C6FB3
:100EB00004EB8004CC67D1E914046043CC6F04EBED
:100EC0008004802044504458886D04EBC004842082
:100ED00044508C6EC86D60438424645804EB8004D5
:100EE000882044508C6E086E60438824645804EB5C
:100EF00080049020445040580C4CA04209D99831AD
:100F0000486840F020004860032001F8980901205B
:100F100010BDCB6E02E0002018601B1D90204058D1
:100F20009842F8D80020F3E700AC0040FCD3004022
:100F30002DE9F041054614461E46D1F804C0BCF127
:100F4000000F0AD1D1F810C0D1F808804CEA080C83
:100F5000B1F800804CEA88430BE0D1F810C04CF0A7
:100F6000804CD1F808804CEA080CD1F800804CEA9B
:100F7000080391F82080D1F81CC04CEA086CD1F825
:100F800018804CEA080CD1F814804CEA080CD1F80F
:100F90000C804CEA0807D5F868C00CFB06FCD5F8B5
:100FA000848008EB8C021360121D1760121D002054
:100FB00019E000F1030C14F80CC04FEA0C6800F1C2
:100FC000020C14F80CC048EA0C4800F1010C14F8AB
:100FD0000CC048EA0C2C14F800804CEA080CC2F84B
:100FE00000C0121D001DDFF81880D1F80CC008EBFE
:100FF0001C4C9CF800C08445DBD8BDE8F0810000A3
:101000006C2C010870B50A480468001D0568001DB5
:101010000668344454B108220649204609F02EF8E7
:10102000042204491031284609F028F870BD000058
:1010300000E8F11F0602002410B502460B4600200E
:10104000002103E0545C60404C1CA1B29942F9DBE2
:1010500010BD00002DE9F0410C4620F01F0500EB0B
:10106000040CACEB05021F3222F01F0161B32A46CB
:101070000B46002B26DD02F01F0808EB030617467F
:1010800000BF00BF00BFBFF34F8F00BF00BF00BF56
:1010900000BFDFF83880C8F800702037203E002EEF
:1010A000F7DC00BF00BF00BFBFF34F8F00BF00BF22
:1010B00000BF00BF00BF00BFBFF36F8F00BF00BF06
:1010C00000BF00BF00BF00BFBDE8F0815CEF00E0E3
:1010D0000146022902DB4FF0FF3070470548425CB1
:1010E000202A02D34FF0FF30F7E701209040401E46
:1010F000F3E70000142D0108024600210DE001EB8A
:101100004100084B03EB40104068904204D101EBD2
:10111000410003EB40107047491C0229EFD3002027
:10112000F9E7000000010024022802DBB7EE000A04
:101130007047044A115C01228A4000EE102AB8EE82
:10114000400AF5E7142D010810B540212748FFF7A4
:1011500093F928212648FFF78FF9002443E004EB98
:101160004400244901EB401000210162416200204B
:1011700004EB44011F4A02EB4111486304EB4401B4
:1011800002EB4111886304EB440102EB4111C86397
:1011900004EB440102EB4111086404EB440102EB4F
:1011A000411181F828009FED140A04EB4400114618
:1011B00001EB401080ED0B0A002004EB440102EB30
:1011C0004111086304EB4400114601EB4010007824
:1011D000064901EB4411087004EB440102EB411095
:1011E00000F008F9641C022CB9D310BDE05F0024A4
:1011F0002060002400010024000000002DE9F041DF
:101200002DED028B04460E46174614B10EB1062F83
:101210000DD044B1A06B401CA06300202178654A2A
:1012200002EB4111C871BDEC028BBDE8F081307852
:10123000022809D0A06B401CA063002021785D4AE1
:1012400002EB4111C871EEE7781E81B23046FFF71C
:10125000F3FE8046781E315C41450DD0A06B401CEA
:10126000A06300202178534A02EB41118871217854
:1012700002EB4111C871D6E720784E4901EB4015C9
:1012800020782870707868707078C0F30010A870AB
:101290007078C0F34010E8707078C0F38010287147
:1012A0007078C00968710120A871E871B078F17890
:1012B00040EA0120317940EA0140A8602078FFF738
:1012C00007FFA9680840A8602078FFF72DFFA868ED
:1012D00000EE900AF8EE600A9FED371A60EE810A80
:1012E00080EE808A85ED038A94F8280028B90020D2
:1012F0002063012084F8280018E094ED0B0A78EEB2
:10130000408A9FED2E0AF4EEC08AF1EE10FA03D265
:10131000206B401C206309E09FED290AF4EEC08A8F
:10132000F1EE10FA02DD206B401E206384ED0B8A83
:10133000206B686194ED0C0AF8EEC00A9FED1E1A4E
:10134000B0EE480A00EE810A85ED040A03F0A8F821
:10135000A861E869401CE86195ED030A207800EB7C
:101360008000184901EB800080ED000A95ED040A29
:10137000207800EB800001EB800080ED010A6869B5
:10138000217801EB81010F4A02EB81018860E87945
:10139000217801EB810102EB81010873A8682178B3
:1013A00001EB810102EB81010861606B401C60630D
:1013B00000BF38E7E05F0024DB0FC940DB0F49C006
:1013C000DB0F49402060002438B504460CB160684A
:1013D00000B938BD022000904FF4FA73012269462B
:1013E000606808F096FD054615B1E06B401CE063AF
:1013F00000BFEEE770B504460CB1606800B970BD7F
:10140000606807F067FF1F2061680968086260680C
:101410000068806940F008006168096888610822F6
:1014200004F12001606807F095FE0546002D7CD18F
:101430006068D0F88000002878D06068D0F880001C
:101440000068554988427AD06068D0F8800000680A
:1014500051491831884272D06068D0F88000006825
:101460004D49303188426AD06068D0F88000006809
:1014700049494831884262D06068D0F880000068ED
:101480004549603188425AD06068D0F880000068D1
:1014900041497831884252D06068D0F880000068B5
:1014A0003D49903188424AD06068D0F88000006899
:1014B0003949A831884242D06068D0F8800000687D
:1014C000364988423BD06068D0F8800000683349D4
:1014D0001831884233D06068D0F8800000682F4906
:1014E000303188422BD06068D0F8800000682B49EA
:1014F0004831884223D06068D0F8800000682749CE
:10150000603188421BD06068D0F8800000682349B1
:101510007831884213D06068D0F8800000681F4995
:10152000903188420BD0606802E02AE020E006E0BB
:10153000D0F8800000681949A83188420CD1606851
:10154000D0F880000068006820F008006168D1F8D9
:101550008010096808600BE06068D0F880000068BF
:10156000006820F004006168D1F880100968086004
:10157000082104F12000FFF76DFD206C401C206461
:1015800008E0A06B401CA06300202178044A02EB15
:101590004111C87100BF32E7100002401004024040
:1015A000E05F002409E00548FFF70EFF03486030C4
:1015B000FFF70AFF02200FF03DFAF4E700010024D4
:1015C00010B504460CB9012010BD94F8350010B9CF
:1015D000204600F045F8022084F83500A06908B1E3
:1015E00000216162206800681C4908402168086089
:1015F000616960680843E168084321690843A1689C
:101600000843A1690843216A0843616A0843A16A43
:101610000843E16A0843216B0843216809680843CD
:1016200021680860606810280BD1217F607F41EA43
:101630000021A07F41EA0041E07F41EA006021688B
:1016400088612068C06840F01E002168C8600020E2
:10165000E064012084F835000020B5E707F0E0FFE2
:1016600010B586B00446142101A8FEF705FF4D49C8
:10167000206888427ED100BF4B48006840F00100DE
:10168000494908600846006800F00100009000BF6A
:1016900000BF00BF081D006840F01000091D086071
:1016A0000846006800F01000009000BF00BF00BFB7
:1016B0000846006840F0010008600846006800F035
:1016C0000100009000BF00BF00BF0846006840F066
:1016D000040008600846006800F00400009000BFA5
:1016E00000BF00BF0846006840F0080008600846D8
:1016F000006800F00800009000BF00BF00BF08466F
:10170000006840F0020008600846006800F002002F
:10171000009000BF00BF70200190022002900020C6
:10172000039004900D20059001A9204802F0BAFD15
:1017300050200190022002900020039004900D2080
:10174000059001A91A4802F0ADFD4FF470700190A8
:10175000022002900020039004900D20059001A922
:10176000144802F09FFD0820019002200290002002
:10177000039000E013E004900D20059001A90E48AD
:1017800002F090FD80200190022002900020039042
:1017900004900D20059001A9084802F083FD06B0D1
:1017A00010BD000000000248DC440258001002583E
:1017B0000000025800080258000C025800040258A9
:1017C0002DE9F041044602F06BFE804614B9012079
:1017D000BDE8F08194F83500022808D080206065CB
:1017E00000BF002084F8340000BF0120F0E7FE496C
:1017F0002068884249D0FC4918312068884244D08A
:10180000F9493031206888423FD0F7494831206893
:1018100088423AD0F44960312068884235D0F24994
:1018200078312068884230D0EF4990312068884272
:101830002BD0ED49A8312068884226D0EB4920689A
:10184000884222D0E9491831206888421DD0E749F2
:1018500030312068884218D0E449483120688842F5
:1018600013D0E2496031206888420ED0DF497831D8
:101870002068884209D0DD4990312068884204D030
:10188000DA49A8312068884201D1012000E0002017
:1018900068B12068006820F01E0021680860206898
:1018A000406920F0800021684861256806E02068D2
:1018B000006820F00E00216808602568CA49206889
:1018C000884270D0C8491831206888426BD0C64918
:1018D00030312068884266D0C34948312068884248
:1018E00061D0C1496031206888425CD0BE497831FE
:1018F0002068884257D0BC4990312068884252D035
:10190000B949A831206888424DD0B849206888423A
:1019100049D0B64918312068884244D0B3493031A3
:10192000206888423FD0B1494831206888423AD087
:10193000AE4960312068884235D0AC4978312068A2
:10194000884230D0A9499031206888422BD0A749DD
:10195000A8312068884226D0A5492068884222D034
:10196000A3491431206888421DD0A149283120683C
:10197000884218D09E493C312068884213D09C4947
:101980005031206888420ED09949643120688842DD
:1019900009D0974978312068884204D094498C3125
:1019A0002068884201D1012000E0002028B1206E8B
:1019B000006820F48070216E08608B49206888429E
:1019C00049D0894918312068884244D0864930314D
:1019D000206888423FD084494831206888423AD004
:1019E000814960312068884235D07F49783120684C
:1019F000884230D07C499031206888422BD07A4987
:101A0000A8312068884226D078492068884222D0B0
:101A100076491831206888421DD0744930312068D9
:101A2000884218D0714948312068884213D06F49E4
:101A30006031206888420ED06C4978312068884235
:101A400009D06A4990312068884204D06749A8319A
:101A50002068884206D12068006820F001002168D3
:101A6000086005E02068006820F001002168086037
:101A700011E002F015FDA0EB080005280BD920208D
:101A80006065032084F8350000BF002084F834002E
:101A900000BF01209CE6286800F001000028E8D182
:101AA00051492068884249D04F49183120688842FE
:101AB00044D04D493031206888423FD04A494831AE
:101AC000206888423AD0484960312068884235D041
:101AD000454978312068884230D0434990312068A8
:101AE00088422BD04049A8312068884226D03F49FF
:101AF0002068884222D03D491831206888421DD094
:101B00003A4930312068884218D038494831206835
:101B1000884213D035496031206888420ED033495D
:101B200078312068884209D0304990312068884255
:101B300004D02E49A8312068884201D1012000E05C
:101B4000002040B1A66D94F85C0000F01F013F201A
:101B50008840B06007E0A76D94F85C0000F01F01BA
:101B600001208840786020492068884276D01E494C
:101B700018312068884271D01B4930312068884272
:101B80006CD0194948312068884267D016496031C5
:101B90002068884262D014497831206888425DD03C
:101BA000114990312068884258D00F49A8312068E7
:101BB000884253D00D49206888424FD00B491831D4
:101BC000206888424AD0094930312068884245D08F
:101BD000064948312068884240D004496031206875
:101BE00088423BD0014905E0100002401004024049
:101BF000085402587831206888422FD0254920683F
:101C000088422BD0234918312068884226D02249A7
:101C10002068884222D020491431206888421DD093
:101C20001D4928312068884218D01B493C31206862
:101C3000884213D018495031206888420ED0164986
:101C400064312068884209D013497831206888427D
:101C500004D011498C312068884201D1012000E074
:101C6000002068B1D4E919104860E06E40B1E06E20
:101C7000006820F48070E16E0860D4E91C104860B0
:101C8000012084F8350000BF002084F8340000BF34
:101C900000BF9DE5A00402400854025870B50446F8
:101CA0000CB9012070BD94F83500022803D08020C3
:101CB00060650120F6E7DC492068884249D0DA49AE
:101CC00018312068884244D0D74930312068884292
:101CD0003FD0D5494831206888423AD0D249603156
:101CE0002068884235D0D04978312068884230D089
:101CF000CD499031206888422BD0CB49A83120684B
:101D0000884226D0C9492068884222D0C749183164
:101D1000206888421DD0C54930312068884218D0DB
:101D2000C24948312068884213D0C04960312068D8
:101D300088420ED0BD4978312068884209D0BB491D
:101D400090312068884204D0B849A8312068884280
:101D500001D1012000E00020F0B3042084F8350018
:101D6000B149206888424BD0AF4918312068884279
:101D700046D0AD4930312068884241D0AA49483127
:101D8000206888423CD0A84960312068884237D01A
:101D9000A54978312068884232D0A3499031206823
:101DA00088422DD0A049A8312068884228D09F4978
:101DB0002068884224D09D491831206888421FD06D
:101DC0009A493031206888421AD0984948312068B1
:101DD000884215D0954900E020E0603120688842B3
:101DE0000ED0924978312068884209D08F499031CD
:101DF0002068884204D08D49A8312068884206D1E5
:101E00002068006820F001002168086009E120686E
:101E1000006820F001002168086002E12068006885
:101E200020F00E00216808607F492068884249D070
:101E30007D4918312068884244D07B493031206880
:101E400088423FD078494831206888423AD0764964
:101E500060312068884235D07349783120688842E3
:101E600030D071499031206888422BD06E49A8311A
:101E70002068884226D06D492068884222D06B496C
:101E80001831206888421DD0684930312068884266
:101E900018D0664948312068884213D063496031C0
:101EA000206888420ED0614978312068884209D084
:101EB0005E4990312068884204D05C49A83120688E
:101EC000884206D12068006820F00100216808607F
:101ED00005E02068006820F0010021680860524990
:101EE0002068884270D050491831206888426BD0F1
:101EF0004D4930312068884266D04B4948312068CE
:101F0000884261D048496031206888425CD04649A7
:101F100078312068884257D0434990312068884200
:101F200052D04149A831206888424DD03F492068AD
:101F3000884249D03D4918312068884244D03B4905
:101F40003031206888423FD0384948312068884283
:101F50003AD0364960312068884235D033497831EB
:101F60002068884230D031499031206888422BD097
:101F70002E49A8312068884226D02D492068884201
:101F800022D02B491431206888421DD0284928319D
:101F90002068884218D026493C312068884213D0F6
:101FA00023495031206888420ED02149643120688D
:101FB000884209D01E4978312068884204D01C49E3
:101FC0008C312068884201D1012000E00020D8B186
:101FD000206E006820F48070216E0860A56D94F872
:101FE0005C0000F01F01012088406860D4E91910EE
:101FF0004860E06E40B1E06E006820F48070E16EF1
:102000000860D4E91C104860012084F8350000BF46
:10201000002084F8340000BF206D10B12046216DEF
:10202000884700203EE600001000024010040240F5
:10203000085402580146486D704700002DE9F84FDA
:10204000044600200090FE4800684FF41651B0FB93
:10205000F1FAA66DD4F858803768D8F80090F9499D
:102060002068884249D0F74918312068884244D016
:10207000F4493031206888423FD0F2494831206825
:1020800088423AD0EF4960312068884235D0ED4926
:1020900078312068884230D0EA49903120688842FF
:1020A0002BD0E849A8312068884226D0E64920682C
:1020B000884222D0E4491831206888421DD0E24984
:1020C00030312068884218D0DF4948312068884282
:1020D00013D0DD496031206888420ED0DA4978316A
:1020E0002068884209D0D84990312068884204D0BD
:1020F000D549A8312068884201D1012000E00020A4
:1021000000287DD094F85C0000F01F010820884072
:102110003840002868D0CB492068884249D0C94956
:1021200018312068884244D0C6493031206888423E
:102130003FD0C4494831206888423AD0C149603113
:102140002068884235D0BF4978312068884230D035
:10215000BC499031206888422BD0BA49A831206808
:10216000884226D0B8492068884222D0B649183122
:10217000206888421DD0B44930312068884218D088
:10218000B14948312068884213D0AF496031206896
:1021900088420ED0AC4978312068884209D0AA49DB
:1021A00090312068884204D0A749A831206888422D
:1021B00004D12068006800F0040003E02068006893
:1021C00000F0080080B12068006820F00400216859
:1021D000086094F85C0000F01F0108208840B0609F
:1021E000606D40F00100606594F85C0000F01F0134
:1021F000012088403840E8B392492068884200E0D6
:10220000B7E24BD08F4918312068884246D08D49BB
:1022100030312068884241D08A494831206888425C
:102220003CD0884960312068884237D08549783170
:102230002068884232D083499031206888422DD06E
:102240008049A8312068884228D07F492068884288
:1022500024D07D491831206888421FD07A49303116
:10226000206888421AD0784948312068884215D0C1
:10227000754900E026E06031206888420ED072493E
:1022800078312068884209D06F49903120688842AF
:1022900004D06D49A8312068884204D12068406983
:1022A00000F0800002E020680068002050B194F83F
:1022B0005C0000F01F0101208840B060606D40F0BC
:1022C0000200606594F85C0000F01F010420884063
:1022D0003840E8B35B49206888424BD059491831EF
:1022E0002068884246D0574930312068884241D022
:1022F00054494831206888423CD0524960312068B6
:10230000884237D04F4978312068884232D04D49D1
:102310009031206888422DD04A49A83120688842EF
:1023200028D049492068884224D04749183120687C
:1023300088421FD044493031206888421AD042492F
:1023400048312068884215D03F496031206800E05C
:1023500024E088420ED03C4978312068884209D078
:10236000394990312068884204D03749A831206823
:10237000884204D12068006800F0020002E0206872
:102380000068002050B194F85C0000F01F010420A8
:102390008840B060606D40F00400606594F85C00B7
:1023A00000F01F01102088403840E8B3254920681C
:1023B000884251D023491831206888424CD02149A5
:1023C00030312068884247D01E4948312068884211
:1023D00042D01C496031206888423DD0194978318B
:1023E0002068884238D0174990312068884233D01D
:1023F0001449A831206888422ED0134920688842A9
:102400002AD0114918312068884225D00E49303130
:102410002068884220D00C494831206888421BD06F
:1024200009496031206800E04DE0884214D0064937
:102430007831206888420FD003499031206805E048
:10244000B40000241000024010040240884203D06F
:10245000FE492068884204D12068006800F0080026
:1024600003E02068006800F0040060B394F85C00AA
:1024700000F01F0110208840B0602068006800F460
:10248000802080B12068006800F4002028B9206C0A
:10249000C8B12046216C884715E0A06C98B1204651
:1024A000A16C88470FE02068006800F4807028B9AC
:1024B0002068006820F0080021680860206C10B1D6
:1024C0002046216C884794F85C0000F01F01202012
:1024D0008840384000287DD0DD492068884249D0B6
:1024E000DB4918312068884244D0D949303120680E
:1024F00088423FD0D6494831206888423AD0D449F2
:1025000060312068884235D0D149783120688842CE
:1025100030D0CF499031206888422BD0CC49A831A7
:102520002068884226D0C949A8392068884221D02D
:10253000C6499039206888421CD0C449783920683F
:10254000884217D0C14960392068884212D0BF49FB
:102550004839206888420DD0BC493039206888420B
:1025600008D0BA4918392068884203D0B749206892
:10257000884204D12068006800F0100003E0206861
:10258000006800F0020028B394F85C0000F01F011E
:1025900020208840B06094F8350004282DD12068B0
:1025A000006820F01600216808602068406920F06B
:1025B000800021684861206C08B9A06C28B12068AF
:1025C000006820F008002168086094F85C0000F0C2
:1025D0001F0100E03FE03F208840B060012084F808
:1025E000350000BF002084F8340000BF206D10B11A
:1025F0002046216D8847BDE8F88F2068006800F408
:10260000802080B12068006800F4002028B9606C48
:1026100008B32046616C88471DE0E06BD8B12046C6
:10262000E16B884717E02068006800F4807068B9A3
:102630002068006820F0100021680860012084F8FC
:10264000350000BF002084F8340000BFE06B10B1FB
:102650002046E16B8847606D00287AD0606D00F0FD
:102660000100E8B3042084F83500794920688842E5
:102670004BD0774918312068884246D074493031B0
:102680002068884241D072494831206888423CD055
:102690006F4960312068884237D06D4978312068B1
:1026A000884232D06A499031206888422DD06849EA
:1026B000A8312068884228D06449A8392068884217
:1026C00023D062499039206888421ED05F4978390A
:1026D0002068884219D05D4960392068884200E04E
:1026E00040E012D059494839206888420DD05749F6
:1026F00030392068884208D0544918392068884207
:1027000003D052492068884206D12068006820F032
:1027100001002168086005E02068006820F00100E1
:102720002168086000BF0098401C0090504500D907
:1027300005E02068006800F001000028F3D100BF28
:102740002068006800F0010020B1032084F8350003
:1027500003E00DE0012084F8350000BF002084F87C
:10276000340000BFE06C002802D02046E16C8847AE
:10277000D9E138492068884222D03649143120688E
:1027800088421DD0334928312068884218D0314909
:102790003C312068884213D02E495031206888424D
:1027A0000ED02C4964312068884209D029497831FB
:1027B0002068884204D027498C312068884201D1A2
:1027C000012000E000200028D2D02068056894F89D
:1027D0005C0000F01F010420884000EA0900D8B323
:1027E00005F00400C0B394F85C0000F01F01042061
:1027F0008840C8F8040005F4004080B105F480303A
:1028000030B9A06C0028B3D02046A16C88478AE17B
:10281000206C0028ACD02046216C884783E105F06D
:102820002000E8BB0A492068884253D00849183183
:10283000206888424ED0064930312068884249D00D
:10284000034948312068884244D006E0B804024079
:1028500010000240085402584FE0B449603120682B
:10286000884237D0B14978312068884232D0AF49A8
:102870009031206888422DD0AC49A8312068884228
:1028800028D0AB492068884224D0A9491831206853
:1028900088421FD0A6493031206888421AD000E013
:1028A00025E0A34948312068884213D0A04960310F
:1028B000206888420ED09E4978312068884209D02D
:1028C0009B4990312068884204D09949A8312068FA
:1028D000884206D12068006820F00800216808605E
:1028E00005E02068006820F0040021680860206C82
:1028F00010B32046216C884715E194F85C0000F085
:102900001F010220884000EA0900E8B305F0020038
:10291000D0B394F85C0000F01F0102208840C8F892
:10292000040005F4004070B105F4803028B9606CF3
:1029300010B12046616C8847F5E0E06BF0B32046AB
:10294000E16B8847EFE005F02000C0BB77492068C5
:1029500088424ED0754918312068884249D0734961
:1029600030312068884244D070494831206888421C
:102970003FD06E496031206888423AD06B49783147
:102980002068884235D000E04EE0684990312068E8
:1029900088422ED06549A8312068884229D06449F0
:1029A0002068884225D0624918312068884220D0AA
:1029B0005F493031206888421BD001E06EE02DE095
:1029C0005B4948312068884213D0594960312068FA
:1029D00088420ED0564978312068884209D054493F
:1029E00090312068884204D05149A831206888423B
:1029F00006D12068006820F014002168086005E016
:102A00002068006820F00A0021680860012084F82E
:102A1000350000BF002084F8340000BFE06BE8B34D
:102A20002046E16B88477EE094F85C0000F01F01CF
:102A30000820884000EA090080B305F0080068B368
:102A40003A49206888424BD038491831206888427A
:102A500046D0364930312068884241D03349483128
:102A6000206888423CD0314960312068884237D0A4
:102A70002E4978312068884232D02C499031206824
:102A800088422DD02949A8312068884228D0284979
:102A90002068884224D02649183100E043E02068AD
:102AA00088421DD0224930312068884218D0204900
:102AB00048312068884213D01D496031206888421F
:102AC0000ED01B4978312068884209D018499031CE
:102AD0002068884204D01649A8312068884206D16F
:102AE0002068006820F01C002168086005E020686C
:102AF000006820F00E002168086094F85C0000F087
:102B00001F0101208840C8F804000120606584F896
:102B1000350000BF002084F8340000BFE06C10B125
:102B20002046E16C884700BF65E5000010000240C8
:102B3000100402402DE9F041044601F0B1FC80464A
:102B400014B90120BDE8F081FE492068884249D0CF
:102B5000FC4918312068884244D0FA493031206855
:102B600088423FD0F7494831206888423AD0F54939
:102B700060312068884235D0F24978312068884237
:102B800030D0F0499031206888422BD0ED49A831EF
:102B90002068884226D0EC492068884222D0EA4941
:102BA0001831206888421DD0E749303120688842BA
:102BB00018D0E54948312068884213D0E249603195
:102BC000206888420ED0E04978312068884209D0D8
:102BD000DD4990312068884204D0DB49A831206863
:102BE000884201D1012000E00020002873D0606AF3
:102BF00000B100BF022084F8350000BF002084F837
:102C0000340000BFCF492068884249D0CD491831EF
:102C10002068884244D0CB493031206888423FD078
:102C2000C8494831206888423AD0C6496031206896
:102C3000884235D0C34978312068884230D0C149B4
:102C40009031206888422BD0BE49A8312068884244
:102C500026D0BD492068884222D0BB49183120685F
:102C600088421DD0B84930312068884218D0B64912
:102C700048312068884213D0B349603120688842C7
:102C80000ED0B14978312068884209D0AE499031E0
:102C90002068884204D0AC49A8312068884206D117
:102CA0002068006820F001002168086005E02068C5
:102CB000006820F00100216808600DE001F0F0FBE1
:102CC000A0EB0800052807D920206065032084F8C0
:102CD0003500012036E769E02068006800F0010057
:102CE0000028EBD12068056898480540D4E9020126
:102CF00008432169084361690843A1690843E16900
:102D00000843216A08430543606A042803D1D4E9D3
:102D10000B01084305436068292802D360682E2808
:102D200017D960683F2802D36068422811D96068CB
:102D3000472802D3606848280BD960684F2802D31F
:102D40006068522805D96068742804D360687728C1
:102D500001D8012000E0002008B145F4801520686A
:102D600005602068456925F00705606A0543606ACB
:102D700004280DD1A06A0543E06A48B12046FDF75A
:102D8000B1FD28B140206065012084F83500D9E606
:102D9000206845612046FDF781FC064694F85C00FA
:102DA00000F01F013F208840B0609EE06849206825
:102DB000884222D066491431206888421DD0644977
:102DC00028312068884218D061493C312068884207
:102DD00013D05F495031206888420ED05C4964317D
:102DE0002068884209D05A4978312068884204D046
:102DF00057498C312068884201D1012000E0002031
:102E0000E0B353492068884222D0514914312068E8
:102E100088421DD04E4928312068884218D04C493C
:102E20003C312068884213D049495031206888429B
:102E30000ED0474964312068884209D0444978312E
:102E40002068884204D042498C312068884201D1F0
:102E5000012000E0002000B100BF022084F835000E
:102E600000BF002084F8340000BF2068056839489E
:102E70000540A068402802D1102106E02EE0A0689D
:102E8000802801D1C10100E00021E06841EAD001C1
:102E9000206941EAD001606941EAD001A06941EAB4
:102EA000D001E06941EAD001206A41EA10100543EF
:102EB0002068056026492068401A1421B0FBF1F013
:102EC0008000E0652046FDF7E9FB074694F85C00CA
:102ED00000F01F0101208840786006E04020606516
:102EE000032084F8350001202CE61649206888422A
:102EF0007AD0144918312068884275D01149303190
:102F00002068884270D00F494831206888426BD0D1
:102F10000C4960312068884266D00A4978312068BF
:102F2000884261D007499031206888425CD00549C9
:102F3000A8312068884257D003492068884253D07E
:102F4000014909E010000240100402403F8010FED9
:102F5000085402580F00FEFF18312068884243D001
:102F60003749206888423FD0354918312068884267
:102F70003AD0334930312068884235D03049483121
:102F80002068884230D02E496031206888422BD09A
:102F90002B4978312068884226D02A492068884207
:102FA00022D028491431206888421DD02549283173
:102FB0002068884218D023493C312068884213D0C9
:102FC00020495031206888420ED01E496431206863
:102FD000884209D01B4978312068884204D01949B9
:102FE0008C312068884201D1012000E0002000B32C
:102FF0002046FDF7C9FBA068802801D10020606051
:103000002079216E0860D4E919104860606860B1C9
:103010006068082809D82046FDF718FC0020E16EFA
:103020000860D4E91C10486003E00020E0662067D7
:10303000606700206065012084F83500002081E58C
:1030400040040240085402582DE9F04104460D4660
:1030500016461F464FF0000814B90120BDE8F08164
:1030600000BF94F83400012801D10220F6E70120C6
:1030700084F8340000BF94F8350001287ED1022086
:1030800084F8350000206065E4492068884249D012
:10309000E24918312068884244D0E0493031206844
:1030A00088423FD0DD494831206888423AD0DB4928
:1030B00060312068884235D0D8497831206888420C
:1030C00030D0D6499031206888422BD0D349A831DE
:1030D0002068884226D0D2492068884222D0D04930
:1030E0001831206888421DD0CD493031206888428F
:1030F00018D0CB4948312068884213D0C849603184
:10310000206888420ED0C64978312068884209D0AC
:10311000C34990312068884204D0C149A831206851
:10312000884206D12068006820F00100216808600C
:1031300005E02068006820F00100216808603B4637
:10314000324629462046FDF725FCB44920688842CE
:103150004BD0B24918312068884246D0AF4930314F
:103160002068884241D0AD494831206888423CD02F
:10317000AA4960312068884237D000E042E1A7497F
:1031800078312068884230D0A44990312068884244
:103190002BD0A249A8312068884226D0A0492068B7
:1031A000884222D09E491831206888421DD09C490F
:1031B00030312068884218D09949483120688842C7
:1031C00013D097496031206888420ED094497831F5
:1031D0002068884209D0924990312068884204D002
:1031E0008F49A8312068884201D1012000E00020E9
:1031F00080B12068006820F01E0040F016002168B1
:103200000860206CB0B12068006840F008002168B8
:1032100008600FE02068006820F00E0040F00A000F
:1032200021680860206C28B12068006840F0040024
:103230002168086079492068884270D07749183140
:10324000206888426BD0754930312068884266D04A
:10325000724948312068884261D0704960312068E5
:1032600088425CD06D4978312068884257D06B49DC
:1032700090312068884252D06849A831206888423D
:103280004DD067492068884249D065491831206887
:10329000884244D062493031206888423FD060493A
:1032A0004831206888423AD05D49603120688842C0
:1032B00035D05B4978312068884230D05849903108
:1032C000206888422BD05649A8312068884226D0F1
:1032D00054492068884222D05249143120688842DB
:1032E0001DD0504928312068884218D04D493C31C2
:1032F0002068884213D04B495031206888420ED054
:10330000484964312068884209D0464978312068AC
:10331000884204D043498C312068884201D1012081
:1033200000E0002090B1206E006800F4803028B1E9
:10333000206E006840F48070216E0860E06E28B155
:10334000E06E006840F48070E16E086033492068E8
:10335000884249D0314918312068884244D02F49E9
:103360003031206888423FD02C494831206888425B
:103370003AD02A4960312068884235D027497831CF
:103380002068884230D025499031206888422BD06F
:103390002249A8312068884226D0214920688842E5
:1033A00022D01F491831206888421DD01C49303175
:1033B0002068884218D01A4948312068884213D0C2
:1033C00017496031206888420ED01549783120684D
:1033D000884209D0124990312068884204D01049AF
:1033E000A8312068884206D12068006840F00100BA
:1033F0002168086010E02068006840F00100216842
:10340000086009E04FF40060606500BF002084F8A8
:10341000340000BF4FF0010840461FE61000024094
:10342000100402400854025870B5044601F038F800
:1034300006462546681C10B104480078054400BFC4
:1034400001F02EF8801BA842FAD370BDB000002412
:1034500030B5034693F89840012C01D0022C3ED1A0
:103460001868806D084030B91868C06D40F00100E0
:103470001D68E8650EE01868806D0840884206D136
:103480001868C06D40F002001D68E86502E0032086
:103490001D68E86501F4007030B11868D0F8E000EC
:1034A00010431D68C5F8E00001F4806030B1186871
:1034B000D0F8E40010431D68C5F8E40000BF1868A8
:1034C000406D0B4D0D4028431D6868650948006834
:1034D00040EA9170074D286000BF002030BDD3F84E
:1034E0009C0040F00200C3F89C000120F6E70000B9
:1034F000FFFFCF3F14A800402DE9F04104460E46DF
:103500001746706800B900E000BF94F898000228E0
:1035100032D12068D0F8C00000F07C5040B9D4F817
:103520009C0040F02000C4F89C000120BDE8F08120
:103530002068D0F8C40000F4001038B1D4F89C0022
:1035400040F40070C4F89C000120EFE72068D0F838
:10355000C400C0F304452B463A4631462046FDF7E9
:10356000E7FC0120A8402168C1F8D0000120A84054
:10357000C4F894000020D9E7D4F89C0040F008007B
:10358000C4F89C000120D1E77047F0B5024692F8DC
:103590009860012E01D0022E43D1C868072800D1BF
:1035A00000BF086818BBC868072800D000BFC868FB
:1035B00007280BD1088A4FF0605747EA0040CF69CF
:1035C00040EA07208F6940EA07040AE0087A80078A
:1035D0000F7B40EAC7600F8A40EA07404F6940EA24
:1035E0000704D76E486807EB80031C6017E0C868C3
:1035F000072800D000BF0F7B086940EA4774C868FD
:10360000072801D18D6903E00F7A486940EA877580
:10361000176F486807EBC0031C601B1D1D6000206E
:10362000F0BDD2F89C0040F00200C2F89C000120DE
:10363000F6E770B50446049D94F8980001280AD175
:10364000080140EA820040EA430028432668C6F8A1
:103650008000002070BDD4F89C0040F00400C4F845
:103660009C000120F6E77047704700002DE9F04309
:1036700004460D469C46002394F89880B8F1020F4A
:1036800074D1402D38D12068D0F8A00000F4FE009D
:1036900040B9D4F89C0040F02000C4F89C00012000
:1036A000BDE8F0832068D0F8A40000F07F0038B9AE
:1036B000D4F89C0040F48070C4F89C000120EFE72F
:1036C0002068D0F8A400C0F3006040B12068D0F8B2
:1036D000A0004FF00049B9EBD07F00D10123206852
:1036E000D0F8A400C0F305200344606C5843D4F81C
:1036F000749009EB80014BE0412D38D12068D0F85F
:10370000B00000F4FE0038B9D4F89C0040F020006E
:10371000C4F89C000120C3E72068D0F8B40000F092
:103720007F0038B9D4F89C0040F48070C4F89C0045
:103730000120B5E72068D0F8B400C0F3006040B1C4
:103740002068D0F8B0004FF00049B9EBD07F00D12D
:1037500001232068D0F8B400C0F305200344E06CD6
:103760005843D4F8789009EB800111E06EE0206DA9
:10377000A84207D8D4F89C0040F02000C4F89C0070
:1037800001208DE7606D6843D4F87C9009EB8001DF
:10379000086800F080405060506820B90868C0F3A5
:1037A0008A40106003E0086820F0604010600868FC
:1037B00000F000509060086800F000401061091DA2
:1037C000088880B2D061086800F47020D060086872
:1037D00000F480105061086800F4001090610868DF
:1037E000C0F3066010620868C00F5062091D0F46E2
:1037F000002603E0B85D0CF80600761CDFF85C904C
:10380000D06809EB10400078B042F3D8402D03D1C6
:103810002068C0F8A83017E0412D03D12068C0F817
:10382000B83011E0202D06D20120A840D4F8009035
:10383000C9F8980008E005F01F09012000FA09F016
:10384000D4F80090C9F89C00002029E7D4F89C0027
:1038500040F00800C4F89C00012021E76C2C01080E
:10386000704700002DE9F04F8DB00446EF48006826
:103870008707EE48001D006807EA80772068006D22
:1038800000F470482068406D00EA08082068006D68
:1038900000F00F092068406D00EA09092068006DFA
:1038A00000F0F00A2068406D00EA0A0A2068006D06
:1038B00000F0715B2068406D00EA0B0B2068006D22
:1038C00000F060700C902068406D0C9908400C90DE
:1038D0002068456D2068066DC5F3002070B1C6F301
:1038E000002058B100BF4FF48070216808650020A7
:1038F000CE49086000BF2046FFF7B2FFC5F3802025
:10390000C8B1C6F38020B0B12068D0F8DC000A90BE
:103910002068D0F8E4000A9908400A9000BF4FF4EC
:103920008060216808650020C049086000BF20460B
:103930000A9900F0A3FC67B100BFBD483840216878
:103940000865B80FB949086000BF39462046FFF73F
:103950001BFEB8F1000F0ED000BFB54808EA00000A
:10396000216808654FEA9870B049086000BF414679
:10397000204600F085FCB9F1000F0ED000BFAC4826
:1039800009EA0000216808654FEA9970A7490860B4
:1039900000BF4946204600F0BFFBBAF1000F0ED031
:1039A00000BFA3480AEA0000216808654FEA9A7040
:1039B0009E49086000BF5146204600F0F3FBC5F366
:1039C000C02070B1C6F3C02058B100BF4FF40060F2
:1039D0002168086500209549086000BF204600F076
:1039E00050FCC5F34020C8B1C6F34020B0B12068F8
:1039F000D0F8D8000B902068D0F8E0000B99084070
:103A00000B9000BF4FF400702168086500208749C3
:103A1000086000BF20460B9900F031FCC5F3C040A0
:103A200070B1C6F3C04058B100BF4FF40020216808
:103A3000086500207D49086000BF204600F06AFB51
:103A4000C5F3004070B1C6F3004058B100BF4FF459
:103A500080302168086500207449086000BF204656
:103A600000F00BFCC5F3804070B1C6F3804058B144
:103A700000BF4FF480202168086500206B49086072
:103A800000BF204600F0F8FBC5F3404088B1C6F304
:103A9000404070B100BF4FF400302168086500203D
:103AA0006249086000BFD4F89C0040F08000C4F870
:103AB0009C000C9870B100BF5D490C9808402168CB
:103AC00008650C98800F5949086000BF20460C9982
:103AD000FFF7CAFDBBF1000F10D000BF54480BEA3E
:103AE0000000216808654FEA9B705049086000BFDC
:103AF000D4F89C0040EA0B00C4F89C004D492068B3
:103B000088427DD16068806800F00300002877D08B
:103B10006068006A00F00F0009906068406A0999C7
:103B2000084009906068006A00F030000890606802
:103B3000406A0899084008906068006A00F4C07004
:103B400007906068406A0799084007906068006ABB
:103B500000F4FC4006906068406A069908400690B0
:103B60006068006A00F4F02005906068406A05997A
:103B7000084005906068406A02906068006A0190A1
:103B8000099830B10998616808622046099900F0E7
:103B900070FB089830B1089861680862204608995F
:103BA00000F069FB0298C0F38010A0B10198C0F347
:103BB000801080B16068C06B000C04906068C06BBE
:103BC00000F03F0003904020616808622046DDE974
:103BD000032100F04FFB079830B107986168086235
:103BE0002046079900F044FB069840B106986168AA
:103BF0000862D4F89C0006990843C4F89C0000E0D1
:103C00000AE0059840B1059861680862D4F89C0004
:103C100005990843C4F89C00D4F89C0010B12046D4
:103C2000FFF721FD0DB0BDE8F08F000010A80040A7
:103C3000FFFFCF3F00A0004070B594B004464C2277
:103C4000B34901A8FCF7F1FB14B9012014B070BD11
:103C5000B0492068884203D1206800F58070606018
:103C6000A068B0F5407F00D100BF206C00B100BF5C
:103C7000A06C00B100BF206D00B100BF206E00B18C
:103C800000BFD4E91710084400B100BF94F89800B1
:103C900028B9002084F89900204600F03DF92068FA
:103CA000806920F010002168886100F0F9FB05466A
:103CB0000EE000F0F5FB401B0A2809D99834606833
:103CC00040F001006060032004F898090120BDE77E
:103CD0002068806900F008000828EAD02068806920
:103CE00040F001002168886100F0DAFB05460EE033
:103CF00000F0D6FB401B0A2809D99834606840F0D0
:103D000001006060032004F8980901209EE7206804
:103D1000806900F001000028EAD02068806940F046
:103D2000020021688861207C012806D12068806912
:103D300020F040002168886105E02068806940F03B
:103D4000400021688861607C012806D12068806974
:103D500040F480402168886105E02068806920F493
:103D6000804021688861A07C012806D12068806994
:103D700020F480502168886105E02068806940F463
:103D80008050216888612068806920F44070A168B3
:103D90000843216888612068806920F0A4002168B8
:103DA00088612068006920F0100021680861E068DF
:103DB000012806D12068806940F0040021688861EC
:103DC00020E0E068F0B1E068022815D02068806942
:103DD00040F08000216888612068006940F0100090
:103DE00021680861E06803280CD12068806940F0F0
:103DF00020002168886105E02068806940F020008B
:103E000021688861207E401E4106E069401E41EA2B
:103E10000020216A491E0843A18A491E40EA014048
:103E20002168C861A068B0F5407F0FD1A06A401E2C
:103E3000E16A491E40EA0121206B401E41EA00115F
:103E4000A08C401E41EA00402168C860206E38B155
:103E50002068D0F8C000616E08432168C1F8C00036
:103E6000D4E91710084460B12068D0F8C80020F0E9
:103E7000070001AAA16E52F8211008432168C1F879
:103E8000C800206C60B12068D0F8BC0020F00700AA
:103E900001AA616C52F8211008432168C1F8BC00E6
:103EA000A06C68B12068D0F8BC0020F0700101AAB5
:103EB000E06C52F8200041EA00102168C1F8BC0013
:103EC000206D68B12068D0F8BC0020F4E06101AA40
:103ED000606D52F8200041EA00202168C1F8BC0062
:103EE0000C492068884205D16068806820F0030092
:103EF00061688860002044F8940FA0600120207160
:103F0000943C2046FCF704FF064630469EE600003F
:103F10007C2C010800A0004010B5B6B00446142166
:103F200030A8FCF7A9FAB82102A8FCF7A5FA724953
:103F30002068884249D14FF400410020CDE90210A9
:103F400048031D9002A802F0FDFA08B1FCF76BFED1
:103F50006A480068401C69490860084600680128F2
:103F60000DD100BF6648006840F480706449086065
:103F70000846006800F48070019000BF00BF00BFD9
:103F80005F480C38006840F008005D490C39086053
:103F90000846006800F00800019000BF00BF032041
:103FA00030900220319000203290339009203490DC
:103FB00030A9544800F076F900220521132000F0C2
:103FC00025FC132000F00EFC93E04F492068884246
:103FD00049D14FF400410020CDE9021048031D9063
:103FE00002A802F0AFFA08B1FCF71DFE43480068D2
:103FF000401C424908600846006801280DD100BFF6
:104000003F48006840F480703D49086008460068F9
:1040100000F48070019000BF00BF00BF38480C382A
:10402000006840F0020036490C3908600846006814
:1040300000F00200019000BF00BF6020309002201D
:1040400031900020329033900920349030A92F48CD
:1040500000F028F900220521142000F0D7FB1420DD
:1040600000F0C0FB45E02A492068884241D14FF466
:1040700000410020CDE9021048031D9002A802F083
:1040800061FA08B1FCF7CFFD1C480068401C1B49D1
:1040900008600846006801280DD100BF1848006874
:1040A00040F48070164908600846006800F480708B
:1040B000019000BF00BF00BF11480C38006840F0FD
:1040C00008000F490C3908600846006800F0080035
:1040D000019000BF00BF4FF440503090022031905B
:1040E0000020329033900520349030A9054800F02C
:1040F000D9F836B010BD000000A00040A400002494
:10410000EC440258000C025800A40040000402587D
:1041100000D4004070470000F8B507460E4606F090
:10412000010000B9F8BD1B4B1B4A40213846FFF780
:104130009DFA184CA078332815D1E078512812D177
:104140002178627841EA02200F280BDA6168009139
:104150009DED000A00EB8001104A02EB011181ED98
:10416000110A00BFDEE7207800F00F050F2D09DAF5
:104170000949CA6805EB8501084B03EB011021468C
:104180000CF0ACF906480068401C0549086000BF07
:10419000C8E70000205C0024F85B0024984B002452
:1041A000BC000024F8B507460E4606F0100000B922
:1041B000F8BD1E4B1E4A41213846FFF757FA1B4CEB
:1041C000A078332815D1E078512812D1217862786F
:1041D00041EA02200F280BDA616800919DED000A88
:1041E00000EB8001134A02EB011181ED110A00BFBF
:1041F000DEE7207800F00F050F2D0FDA0C48C068BD
:10420000B0F5002F00D0D3E70949CA6805EB850156
:10421000084B03EB011021460CF060F906480068DA
:10422000401C0549086000BFC2E70000885C00240C
:10423000605C0024984B0024C0000024014691F8E3
:10424000980001280CD1022081F898000868806944
:1042500020F001000A6890610020C1F89C007047BE
:10426000D1F89C0040F00400C1F89C000120F6E762
:104270007047704770477047704770477047704786
:10428000704770477047000010B504460448006846
:10429000204020B1024804602046FFF7F3FF10BD24
:1042A00088000058F8B502460B4600216D4DD2E05B
:1042B00001278F401E6806EA0704002C72D01E7981
:1042C00006F00306012E04D01E7906F00306022E26
:1042D00013D190684F000326BE40B0434F00DE6804
:1042E000BE4030439060506801268E40B0431E7936
:1042F000C6F300168E40304350601E7906F0030668
:10430000032E09D0D0684F000326BE40B0434F00B3
:104310009E68BE403043D0601E7906F00306022E30
:1043200013D1CF0802F1200656F827004E07F70EEA
:104330000F26BE40B0434F07FF0E1E69BE403043FC
:10434000CF0802F1200646F8270010684F00032628
:10435000BE40B0431E7906F003064F00BE40304316
:1043600010605E6806F44036002E73D000BF3E4EEB
:10437000366846F002063C4F3E603E46366806F020
:104380000206009600BF00BF384E8F0856F827007F
:104390008E07370F0F26BE40B043354EB24202D1D2
:1043A000002629E056E0334EB24201D1012623E037
:1043B000314EB24201D102261EE0304EB24201D14E
:1043C000032619E02E4EB24201D1042614E02D4EF0
:1043D000B24201D105260FE02B4EB24201D1062692
:1043E0000AE02A4EB24201D1072605E0284EB24229
:1043F00001D1092600E00A268F073F0FBE40304357
:104400001A4E8F0846F827004FF0B0463068A04398
:104410005E6806F4801606B120434FF0B046306067
:104420007068A0435E6806F4001606B120434FF0A2
:10443000B04670606868A0435E6806F4003606B156
:10444000204368602868A0435E6806F4803606B1A1
:1044500020432860491C1E68CE40002E7FF428AF00
:10446000F8BD000080000058F444025808040058C9
:10447000000002580004025800080258000C0258BC
:10448000001002580014025800180258001C02586C
:10449000002402580AB1816101E00B048361704776
:1044A0000148006870470000A8000024024692F806
:1044B000410020282DD100BF92F84000012801D1F1
:1044C00002207047012082F8400000BF242082F8BB
:1044D00041001068006820F001001368186010683F
:1044E000006820F480501368186010680068084362
:1044F000136818601068006840F0010013681860C5
:10450000202082F8410000BF002082F8400000BF58
:10451000D7E70220D5E710B502460B4692F84100D6
:1045200020282AD100BF92F84000012801D10220A2
:1045300010BD012082F8400000BF242082F8410015
:104540001068006820F0010014682060106801689D
:1045500021F4706141EA032110680160106800686D
:1045600040F0010014682060202082F8410000BF64
:10457000002082F8400000BFDAE70220D8E7000000
:1045800010B504460CB9012010BD94F8410028B9BB
:10459000002084F84000204600F054F8242084F8DD
:1045A00041002068006820F0010021680860606810
:1045B00020F07060216808612068806820F4004065
:1045C00021688860E068012805D1A06840F40040B7
:1045D0002168886004E0A06840F404402168886095
:1045E000E068022802D180022168486020684068A3
:1045F00013490843216848602068C06820F40040DF
:104600002168C860D4E904010843A16940EA012097
:104610002168C860D4E90701084321680860206860
:10462000006840F0010021680860002060642020DC
:1046300084F841000020206384F8420000BFA3E713
:104640000080000210B5B6B00446142130A8FBF774
:1046500013FFB82102A8FBF70FFF1F49206888420B
:1046600037D108210020CDE90210229002A801F0E4
:1046700069FF08B1FCF7D7FA00BF1848006840F09E
:104680000200164908600846006800F00200019028
:1046900000BF00BF4FF440703090122031900120D5
:1046A0003290002033900420349030A90C48FFF75A
:1046B000F9FD00BF09480830006840F400100749C0
:1046C000083108600846006800F40010019000BF3F
:1046D00000BF36B010BD000000540040E044025856
:1046E0000004025803480068034909780844014956
:1046F00008607047A8000024B000002410B5032013
:1047000000F0C2F802F05CFF10490968C1F3032110
:104710000F4A515C01F01F0120FA01F40B480068B8
:1047200000F00F001146085C00F01F0024FA00F0B2
:1047300008490860084804600F2000F00FF808B12D
:10474000012010BD00F036F80020FAE718440258A6
:10475000F02C0108B8000024B400002470B5044611
:104760001148007808B9012070BD0F4800784FF457
:104770007A71B1FBF0F00D490968B1FBF0F52846FC
:1047800003F0C8FF08B10120EEE7102C07D2002289
:104790002146501E00F03AF80548046001E001206F
:1047A000E2E70020E0E70000B0000024B4000024AD
:1047B000AC00002408B500BF0948006840F00200C2
:1047C000074908600846006800F00200009000BF3A
:1047D00000BF00220F21901E00F018F808BD000055
:1047E000F44402580146084600280DDB00BF00BF14
:1047F00000F01F0301229A4043099B0003F1E023CC
:10480000C3F8002100BF00BF00BF70472DE9F05F73
:1048100080460D4616460BF041FC074639462A46AF
:10482000334601F00700C0F1070ABAF1040F02D9BC
:104830004FF0040A01E0C0F1070AD14600F1040A72
:10484000BAF1070F02D24FF0000A01E0A0F1030A0B
:10485000D4464FF0010A0AFA09FAAAF1010A0AEA53
:10486000020A0AFA0CFA4FF0010B0BFA0CFBABF13F
:10487000010B0BEA030B4AEA0B04214640460BF0FE
:1048800015FCBDE8F09F000000BF00F00702064BDA
:1048900019684FF6FF031940044B0B4343EA02210A
:1048A000014B196000BF70470CED00E00000FA05F5
:1048B0002DE9F04F8DB081460C4693464FF0000A2B
:1048C000D046FE49D9F80000884202D100260125D1
:1048D00001E001260025002710E007EB470201ABAD
:1048E00003EBC2017A1CD0B206F0E4F920B14FF01C
:1048F000010A0820C9F85400781CC7B2022FECD373
:10490000BAF1000F7ED1ED48006800F0010038B127
:10491000EA48006820F00100E849086048F0010812
:10492000E748006800F0010038B1E548006820F071
:104930000100E349086048F00208E24806EB46013E
:1049400001AA02EBC1018968491E50F8210020F438
:104950008072DC4806EB460101AB03EBC1018968BC
:10496000491E40F82120001F006800F001000028C7
:104970007FD0D448001F006820F00100D149091FF2
:104980000860012D73D1081D05EB450101AA52F8FD
:104990003110491E50F8210040F00202C94805EBD1
:1049A000450153F83110491E40F8212005EB450020
:1049B00001A901EBC0004068A0B1C24805EB450168
:1049C00001AA02EBC1014968491E50F8210040F0DC
:1049D0002002BC4805EB450103EBC1014968491EB3
:1049E00040F8212005EB450001A901EBC000C0689B
:1049F000D8B1B44805EB450101AA02EBC101097B1E
:104A0000491E00E0C6E201F0010150F8210040F427
:104A10008022AC4805EB450101AB03EBC101097BEA
:104A2000491E01F0010140F8212005EB450001A9D4
:104A300001EBC0000069002819D0A24805EB450130
:104A400001AA02EBC101097C491E01F0010150F8E5
:104A5000210040F080629B4805EB450101AB03EB70
:104A6000C101097C491E01F0010140F8212079E0D3
:104A7000FFE706EB460001A951F83000002871D08D
:104A8000904806EB460101AA52F83110491E50F831
:104A9000210020F001028B4806EB460101AB53F8E0
:104AA0003110491E40F8212006EB460001A901EB18
:104AB000C0004068A0B1834806EB460101AA02EBA2
:104AC000C1014968491E50F8210020F010027D48BC
:104AD00006EB460103EBC1014968491E40F821205D
:104AE00006EB460001A901EBC000C068C8B17548DB
:104AF00006EB460101AA02EBC101097B491E01F048
:104B0000010150F8210020F480326E4806EB460186
:104B100001AB03EBC101097B491E01F0010140F823
:104B2000212006EB460001A901EBC0000069C8B1D5
:104B3000644806EB460101AA02EBC101097C491E4B
:104B400001F0010150F8210020F080725D4806EB71
:104B5000460101AB03EBC101097C491E01F00101D3
:104B600040F8212005EB450101AA52F831102068D8
:104B700088421FD005EB450102EBC101606849681E
:104B8000884217D005EB450102EBC101A068896896
:104B900088420FD005EB450102EBC101E068C9680E
:104BA000884207D005EB450102EBC1012069096984
:104BB000884227D105EB450101AA52F8311020683F
:104BC000884220D105EB450102EBC10160684968CC
:104BD000884218D105EB450102EBC101E068C968C4
:104BE000884210D105EB450102EBC101206909693A
:104BF000884208D13348001F006840F00100314965
:104C0000091F08608EE02F4805EB450101AA52F804
:104C10003110491E50F8210020F00102294805EB0F
:104C2000450101AB53F83110491E40F8212005EB36
:104C3000450001A901EBC0004068A0B1214805EB87
:104C4000450101AA02EBC1014968491E50F8210043
:104C500020F010021B4805EB450103EBC101496838
:104C6000491E40F82120174805EB450101AA02EB37
:104C7000C1018968491E50F8210020F48072114852
:104C800005EB450101AB03EBC1018968491E40F802
:104C9000212005EB450001A901EBC000C06800B36D
:104CA000084805EB450101AA02EBC101097B491E39
:104CB00001F0010150F8210006E000000050005210
:104CC00000A0005204B4005220F48032B34805EB37
:104CD000450103EBC101097B491E01F0010140F8C8
:104CE000212005EB450001A901EBC0000069C8B116
:104CF000AA4805EB450101AA02EBC101097C491E46
:104D000001F0010150F8210020F08072A34805EB6A
:104D1000450101AB03EBC101097C491E01F0010112
:104D200040F821209D48A168491E50F8210020F438
:104D300040704FF4807141EA462108439749A268C8
:104D4000521E41F822006069401E091F0968C1F324
:104D5000074188420BD99148001F006820F47F0169
:104D6000A08A401E41EA00408C49091F08608B4818
:104D7000001F006800F00100002875D087482168F6
:104D8000491E50F8210020F00300401C834922688E
:104D9000521E41F82200606868B108466168491EE9
:104DA00050F8210020F0300040F010027B4861688C
:104DB000491E40F82120E06800F4803090B1774827
:104DC000217B491E01F0010150F8210020F4E02070
:104DD00040F480327148217B491E01F0010140F806
:104DE000212013E0E06888B16C48217B491E01F066
:104DF000010150F8210020F0E06040F08072674827
:104E0000217B491E01F0010140F82120206900F4B6
:104E1000803090B16148217C491E01F0010150F8B9
:104E2000210020F4E02040F440325C48217C491EFF
:104E300001F0010140F821209AE02069002811D0FA
:104E40005648217C491E01F0010150F8210020F054
:104E5000E06040F040725148217C491E01F00101A0
:104E600040F8212084E0FFE74C482168491E50F8B3
:104E7000210020F00300012141EA4601084347498F
:104E80002268521E41F82200606878B108466168C5
:104E9000491E50F8210020F03000102141EA46114F
:104EA00008433E496268521E41F82200E06800F45F
:104EB0008030A8B13948217B491E01F0010150F82A
:104EC000210020F4E0204FF4803141EA864108437C
:104ED0003249227B521E02F0010241F8220016E004
:104EE000E068A0B12D48217B491E01F0010150F876
:104EF000210020F0E0604FF0807141EA86610843B4
:104F00002649227B521E02F0010241F8220020694C
:104F100000F48030A8B12148217C491E01F0010134
:104F200050F8210020F4E0204FF4403141EA86415E
:104F300008431A49227C521E02F0010241F8220065
:104F400016E02069A0B11548217C491E01F001013D
:104F500050F8210020F0E0614FF0407040EA866098
:104F600001430E48227C521E02F0010240F822103A
:104F700008F0010028B10A48006840F00100084923
:104F8000086008F0020028B10648006840F00100FF
:104F90000449086050460DB0BDE8F08F04B40052DB
:104FA0000050005200A00052F8B504460025FFF75B
:104FB00077FA06460CB901257AE000206065206D7D
:104FC000002875D1204600F077F841F2883120465C
:104FD00000F044F9208A401EE16841EA004160691E
:104FE000401E41EA0020616B0843E16908432168E3
:104FF0008968304A11400843216888602068C06889
:1050000020F4E020216A08432168C860208EA16B4B
:1050100041EA0040216808612168E06B486120682E
:10502000006820F4F8516068401E41EA00202168C1
:105030000860A06D3346002220210090204605F034
:10504000ADFE05468DBB2068C06820F0FF00616A98
:10505000491E08432168C8602068006820F04000AD
:10506000A168084321680860D4E90A01084321685F
:10507000D1F8081121F0A04108432168C1F80801C6
:105080002068006840F0010021680860A0690228DB
:1050900005D12068806840F0020021688860E068DF
:1050A000B0F1806F02D10120206501E0022020656F
:1050B0002846F8BDF4F8E0F810B5B6B0044614215F
:1050C00030A8FBF7D9F9B82102A8FBF7D5F95D495B
:1050D000206888427ED14FF000710020CDE9021097
:1050E000159002A801F02EFA08B1FBF79CFD00BF55
:1050F0005548006840F400105349086008460068AD
:1051000000F40010019000BF00BF00BF0846006817
:1051100040F4804008600846006800F48040019038
:1051200000BF00BF00BF48480C30006840F00100DD
:1051300045490C3108600846006800F00100019004
:1051400000BF00BF00BF0846006840F002000860D2
:105150000846006800F00200019000BF00BF00BFD9
:105160000846006840F0100008600846006800F03B
:105170001000019000BF00BF00BF0846006840F06B
:10518000080008600846006800F00800019000BFB1
:1051900000BF0220309031900020329003203390E5
:1051A0000920349030A92948FFF77CF80820309076
:1051B000022031900020329003203390062034905A
:1051C00030A92248FFF76EF801203090022031907C
:1051D000002000E034E0329003203390042034902B
:1051E00030A91B48FFF75EF8042030900220319070
:1051F00000203290032033900920349030A91448C5
:10520000FFF750F84FF400603090022031900020FA
:105210003290032033900B20349030A90D48FFF7D3
:1052200041F84FF40060309002203190002032901D
:10523000032033900920349030A90748FFF732F853
:1052400036B010BD00500052D4440258000002583D
:105250000004025800100258000C025802469165E2
:105260000020704701460A680120C1F800050020AF
:1052700081F8F404906940F000609061506D024B39
:105280001843506500207047030000107047024625
:105290001068416200207047F0B503461546186853
:1052A000446A21B944EA05401E68B06219E01868F2
:1052B000806A04EB1044002208E0186800F5827050
:1052C00050F8220004EB1044501CC2B2481E904219
:1052D000F3D844EA0547186800F582704E1E40F87E
:1052E00026700020F0BD10B50446D4F8080508F07B
:1052F000D5FD10BD70B504460D4605EBC50304F1A0
:105300003C0101EB8301CA682946D4F8080508F07E
:10531000C0FC70BD70B504460D4605EBC50304F531
:105320001F7101EB8301CA682946D4F8080508F00B
:1053300034FD70BD10B50446D4F8080508F0B1FD81
:1053400010BD2DE9F04104460D4605F0800080288F
:1053500008D105F00F0000EBC00104F13C0000EBA8
:10536000810607E005F00F0000EBC00104F51F7097
:1053700000EB8106314620680AF080FA074638467D
:10538000BDE8F08170B504460E4606F08000802826
:105390000AD106F00F0000EBC00104F13C0000EB65
:1053A00081050120687009E006F00F0000EBC001E4
:1053B00004F51F7000EB81050020687006F00F00F7
:1053C000287000BF94F8BC04012801D1022070BDF0
:1053D000012084F8BC0400BF2946206809F0EAFDDA
:1053E00000BF002084F8BC0400BF00BFEFE770B529
:1053F00004460E4606F00F006168884201D901207C
:1054000070BD06F0800080280AD106F00F0000EB86
:10541000C00104F13C0000EB81050120687009E047
:1054200006F00F0000EBC00104F51F7000EB8105D2
:10543000002068700020A87006F00F00287000BFE0
:1054400094F8BC04012801D10220D9E7012084F896
:10545000BC0400BF2946206809F0A2FF00BF00205D
:1054600084F8BC0400BF00BFCAE7024601F00F0089
:1054700000EBC00302F51F7000EB8300406970472A
:105480002DE9F04705460E4690461F464FF00009AD
:1054900006F0800080280AD106F00F0000EBC00162
:1054A00005F13C0000EB81040120607009E006F08A
:1054B0000F0000EBC00105F51F7000EB8104002018
:1054C000607006F00F002070C4F8088027716078C3
:1054D00008B120786083022F01D10020607100BFE5
:1054E00095F8BC04012802D10220BDE8F087012014
:1054F00085F8BC0400BF2146286809F0C3F900BF45
:10550000002085F8BC0400BF4846EEE72DE9F041D5
:1055100005460E461746984606F00F0000EBC00100
:1055200005F51F7000EB8104E760C4F810800020CF
:105530006061607006F00F002070E868012800D1FB
:10554000E7612A7B2146286809F0BEFF0020BDE8FC
:10555000F08170B504460D4605F00F006168884281
:1055600001D9012070BD05F0800080280AD105F026
:105570000F0000EBC00104F13C0000EB81060120AC
:10558000707007E005EBC50104F51F7000EB8106A4
:10559000002070700120B07005F00F00307000BF67
:1055A00094F8BC04012801D10220DBE7012084F833
:1055B000BC0400BF3146206809F039FF05F00F0038
:1055C00028B9217B04F2C442206809F0B1FE00BF73
:1055D000002084F8BC0400BF00BFC3E72DE9F04100
:1055E00005460E461746984606F00F0000EBC00130
:1055F00005F13C0000EB8104E760C4F81080002056
:1056000060610120607006F00F002070E8680128DA
:1056100000D1E7612A7B2146286809F055FF002068
:10562000BDE8F0812DE9FE4F0446D4F800B05E4697
:1056300020680AF00AFA002874D120680AF044FAB7
:1056400008B9BDE8FE8F40F608008059C0F30D2070
:10565000C4F8FC0420680AF037FA00F002000228BF
:1056600005D12068406900F0020021684861206887
:105670000AF02AFA00F01000102845D1206880694D
:1056800020F0100021688861DBF8209009F00F00FD
:1056900000EBC00104F51F7000EB810AC9F3434021
:1056A00002281AD147F6F07009EA000030B3C9F3B6
:1056B0000A125846DAF80C100AF00BFAC9F30A116C
:1056C000DAF80C000844CAF80C00C9F30A11DAF839
:1056D00014000844CAF8140010E0C9F34340062837
:1056E0000CD1082204F2C44158460AF0F2F9C9F379
:1056F0000A11DAF814000844CAF814002068806916
:1057000040F010002168886120680AF0DDF900F49B
:105710000020B0F5002F7BD1002520680AF0A4F905
:10572000029072E003E3029800F00100002868D0C4
:10573000E9B220680AF0BBF9804608F0010048B1E0
:10574000012106F5306000EB4510816029462046B6
:1057500005F084FB08F00800082809D1082106F5A7
:10576000306000EB451081602946204605F044FB7F
:1057700008F01000102805D1102106F5306000EB6C
:105780004510816008F00200022824D1DBF81400E3
:1057900000F08000802807D140F60400805940F4D2
:1057A000806140F60400815105EBC50104F51F70CE
:1057B00000EB810A9AF80300012806D100208AF83C
:1057C0000300E9B2204600F0BDFA022106F5306080
:1057D00000EB4510816008F02000202805D1202131
:1057E00006F5306000EB4510816008F40050B0F51C
:1057F000005F06D14FF4005106F5306000EB451014
:1058000081606D1C029840080290029800288AD19D
:1058100020680AF059F900F48020B0F5802F7DD17E
:1058200020680AF017F9029000259AE0029800F02B
:105830000100002873D0E9B220680AF01FF9804601
:1058400008F00100F0B305F00F010120884001903D
:1058500040F634008159019821EA000040F63401F5
:105860008851012106F5106000EB45108160E06869
:10587000012824D105EBC50104F13C0000EB8100B7
:1058800005EBC502C16804F13C0000EB82008068B2
:10589000014405EBC50204F13C0000EB8200C1604D
:1058A0006DB905EBC50104F13C0000EB8100006916
:1058B00028B904F2C4420121206809F039FDE9B297
:1058C000204600E001E0FFF715FD08F00800082879
:1058D00005D1082106F5106000EB4510816008F045
:1058E0001000102805D1102106F5106000EB4510BE
:1058F000816008F04000402805D1402106F5106085
:1059000000EB4510816008F0020002281DD12946F5
:1059100058460AF05BF805EBC50101E025E01CE004
:1059200004F13C0000EB810A9AF80300012806D13B
:1059300000208AF80300E9B2204600F0FAF90221BB
:1059400006F5106000EB4510816008F080008028AB
:1059500003D12946204605F023FB6D1C0298400820
:105960000290029800287FF461AF20680AF0ACF83A
:1059700000F00040B0F1004F1CD140F60400805907
:1059800020F0010140F60400815194F8F40401284C
:1059900007D1002084F8F40400212046FFF776FCAC
:1059A00002E0204600F0E0FA2068406900F0004084
:1059B0002168486120680AF087F800F40060B0F5BB
:1059C000006F0ED140F60800805900F0010010B1C0
:1059D000204600F021FB2068406900F40060216847
:1059E000486120680AF070F800F00060B0F1006FC4
:1059F00019D12068406900F000602168486194F87E
:105A0000F40468B9012084F8F4042068406DC0F300
:105A10008300C4F8F80401212046FFF737FC02E0B8
:105A2000204600F0F9FA20680AF04EF800F48050A1
:105A3000B0F5805F7ED140F60400805920F001016E
:105A400040F6040081511021206809F0BFFF0027B3
:105A500032E04FF67F3106F5106000EB47108160B1
:105A600006F5106000EB4710006820F4001106F501
:105A7000106000EB471001604FF67F3106F5306093
:105A800000EB4710816006F5306000EB47100068BE
:105A900020F4001106F5306000EB4710016006F5B8
:105AA000306000EB4710006840F0006106F53060A0
:105AB00000EB471001607F1C6068B842C9D840F60F
:105AC0001C00805940F0011140F61C008151206BF0
:105AD00070B1D6F8840840F00B01C6F8841840F67F
:105AE0004400805940F00B0140F6440081510FE022
:105AF00040F61400805942F22B01084340F614018D
:105B00008851081F805940F00B014FF4016081510A
:105B1000D6F8000820F4FE60C6F80008217B04F2E5
:105B2000C442206809F004FC2068406900F48050F9
:105B3000216800E000E04861206809F0C5FF00F43A
:105B40000050B0F5005F17D1206808F003FF20680F
:105B500009F068FF206101F0E9FC0090227C2068D8
:105B600000990AF095F8204600F0E6F920684069AF
:105B700000F4005021684861206809F0A5FF00F09A
:105B80000800082808D1204600F0F5F9206840698F
:105B900000F0080021684861206809F095FF00F0D6
:105BA0008000802818D1DBF8180020F08000CBF8A6
:105BB000180001250DE005EBC50104F51F7000EB91
:105BC0008100C078012803D1E9B22046FFF7B9FB74
:105BD0006D1C6068A842EED8206809F075FF00F4DB
:105BE0008010B0F5801F2DD1012522E006F5106050
:105BF00000EB4510D0F8009005EBC50104F13C0026
:105C000000EB81000079012812D109F00040B0F1C9
:105C1000004F0DD1012105EBC50204F13C0000EB62
:105C20008200C170E8B240F080012046FFF789FB96
:105C30006D1C6068A842D9D82068406900F48010C3
:105C400021684861206809F03FFF00F40010B0F5BA
:105C5000001F44D1012538E006F5306000EB451007
:105C6000D0F8009005EBC50104F51F7000EB810032
:105C70000079012828D109F00040B0F1004F23D16C
:105C800009F4803094F8FC1401F0010188421BD122
:105C9000012105EBC50204F51F7000EB8200C17005
:105CA000DBF8180040F08000CBF81800DBF8140097
:105CB00000F0800040B940F60400805940F40071C3
:105CC00040F60400815103E06D1C6068A842C3D80F
:105CD00000BF2068406900F4001021684861206816
:105CE00009F0F2FE00F08040B0F1804F08D120466C
:105CF000FFF7F9FA2068406900F0804021684861A8
:105D0000206809F0E1FE00F0040004280FD12068AB
:105D1000D0F8049009F00400042802D12046FFF7CF
:105D200009FB2068406840EA09002168486000BF1C
:105D300087E470B504460D462946D4F8080508F0F6
:105D400021F970BD70B504460D462946D4F8080502
:105D500008F03CF970BD70B58AB0044614B9012052
:105D60000AB070BD266894F8BD0428B9002084F8F4
:105D7000BC04204600F0A8F8032084F8BD04F06BB2
:105D800000F4807008B90021E160206809F0C8FAC9
:105D9000282204F110016846FAF747FB94E80F0047
:105DA00009F090F820B1022084F8BD040120D7E763
:105DB0000021206809F01AFF002531E0012105EBE0
:105DC000C50204F13C0000EB8200417005EBC50107
:105DD00004F13C0000F8215005EBC50100EB810007
:105DE0004583002105EBC50204F13C0000EB820075
:105DF000017105EBC50204F13C0000EB82008160FB
:105E000005EBC50204F13C0000EB8200C16005EB2C
:105E1000C50204F13C0000EB82000161681CC5B2C0
:105E20006068A842CAD800252AE0002105EBC50217
:105E300004F51F7000EB8200417005EBC50104F50D
:105E40001F7000F82150002105EBC50200EB820015
:105E5000017105EBC50204F51F7000EB8200816043
:105E600005EBC50204F51F7000EB8200C16005EB75
:105E7000C50204F51F7000EB82000161681CC5B209
:105E80006068A842D1D8282204F110016846FAF7C8
:105E9000CCFA94E80F0009F057F920B1022084F8F9
:105EA000BD0401205CE7002084F83800012084F85C
:105EB000BD04606A012802D12046FFF7D3F92068AB
:105EC00009F030F900204BE710B5B0B00446B82116
:105ED00002A8FAF7D1FA16492068884225D14FF472
:105EE00080210020CDE902104FF44010239002A839
:105EF00000F028FB08B1FAF796FE00F0D7F800BFD3
:105F00000C48006840F000700A49086008460068C4
:105F100000F00070019000BF00BF002205214D205D
:105F2000FEF774FC4D20FEF75DFC30B010BD0000A4
:105F300000000440D844025870B504460125206989
:105F400008B9002506E02069022801D1012501E0F9
:105F5000FAF769FE2946D4F8080508F0E0F8D4F805
:105F6000080508F087F870BD10B50446D4F8080598
:105F700008F0B6F810BD10B50446D4F8080508F0CE
:105F8000BAF810BD70B504460D4600BF94F8BC04C5
:105F9000012801D1022070BD012084F8BC0400BF9B
:105FA00084F838502946206809F054FE00BF0020CC
:105FB00084F8BC0400BF00BFEDE710B5044604F24E
:105FC000C441D4F8080508F0C1F810BD70B5044606
:105FD000256800BF94F8BC04012801D1022070BDDF
:105FE000012084F8BC0400BFE86B00F4807030B975
:105FF000A06A012803D1A86B40F48030A863206810
:1060000009F0B2FC206809F07BF800BF002084F89A
:10601000BC0400BF00BFE2E710B50446D4F8080591
:1060200008F0F1F82068D0F8000E40F00100216877
:10603000C1F8000E206A28B10348006840F006004D
:106040000149086010BD000010ED00E070B5044685
:1060500015480068C0F3800048B91348006800F094
:106060000700A04201D0012070BD0020FCE70E48CF
:10607000006820F0070020430B490860FEF710FA83
:10608000054607E0FEF70CFA401BB0F57A7F01D910
:106090000120E9E7044808380068C0F340300028D0
:1060A000F0D00020E0E700000C48025803480068E8
:1060B00040F0807001490860704700000C480258A9
:1060C00010B501F033FA05490968C1F30211044A19
:1060D000515C01F01F01C84010BD0000204402586F
:1060E000F02C010870B50146844D2D6805F00303BE
:1060F000824D2D68C5F30530804D2D1D2D68C5F3EB
:1061000000147E4D14352D68C5F3CC0515FB04F540
:1061100001EE105AB8EE411AF0EE410A00286FD095
:1061200023B1012B4ED0022B6BD16BE0734D283D78
:106130002D68C5F340153DB3704D283D2D68C5F35E
:10614000C1066F4D25FA06F201EE102AF8EE411A4B
:1061500001EE100AB8EE411A81EE812A9FED691A0C
:10616000C0EE811A654D10352D68C5F3080501EEA6
:10617000105AB8EE411A31EE811AF7EE001A31EEDC
:10618000211A22EE010A1CE001EE100AB8EE411AB3
:10619000DFED5D1A81EE812A9FED5A1AC0EE811A59
:1061A000564D10352D68C5F3080501EE105AB8EEAE
:1061B000411A31EE811AF7EE001A31EE211A22EE61
:1061C000010A5BE001EE100AB8EE411ADFED4F1A4A
:1061D00081EE812A9FED4B1AC0EE811A474D103592
:1061E0002D68C5F3080501EE105AB8EE411A31EEDC
:1061F000811AF7EE001A31EE211A22EE010A3DE073
:1062000077E01DE001EE100AB8EE411A9FED402A3A
:10621000C2EE011A9FED3B1A80EE812A374D1035F0
:106220002D68C5F3080501EE105AB8EE411A32EE9A
:10623000011AB7EE002A31EE021A21EE810A1DE0A2
:1062400001EE100AB8EE411ADFED301A81EE812A14
:106250009FED2C1AC0EE811A284D10352D68C5F31C
:10626000080501EE105AB8EE411A31EE811AF7EE28
:10627000001A31EE211A22EE010A00BF00BF1F4DA5
:1062800010352D68C5F3462501EE105AB8EE411AB7
:10629000F7EE001A31EE211AC0EE011ABCEEE11A37
:1062A00081ED001A154D10352D68C5F3064501EE38
:1062B000105AB8EE411AF7EE001A31EE211AC0EE6C
:1062C000011ABCEEE11A81ED011A0C4D10352D6852
:1062D000C5F3066501EE105AB8EE411AF7EE001A42
:1062E00031EE211AC0EE011ABCEEE11A81ED021A5C
:1062F00003E000250D604D608D6070BD284402589C
:106300000090D003000000460024744C0024744A1E
:10631000001BB74B70B50146844D2D6805F0030393
:10632000824D2D68C5F30550804D2D1D2D68C5F398
:1063300000247E4D1C352D68C5F3CC0515FB04F5F6
:1063400001EE105AB8EE411AF0EE410A00286FD063
:1063500023B1012B4ED0022B6BD16BE0734D283D46
:106360002D68C5F340153DB3704D283D2D68C5F32C
:10637000C1066F4D25FA06F201EE102AF8EE411A19
:1063800001EE100AB8EE411A81EE812A9FED691ADA
:10639000C0EE811A654D18352D68C5F3080501EE6C
:1063A000105AB8EE411A31EE811AF7EE001A31EEAA
:1063B000211A22EE010A1CE001EE100AB8EE411A81
:1063C000DFED5D1A81EE812A9FED5A1AC0EE811A27
:1063D000564D18352D68C5F3080501EE105AB8EE74
:1063E000411A31EE811AF7EE001A31EE211A22EE2F
:1063F000010A5BE001EE100AB8EE411ADFED4F1A18
:1064000081EE812A9FED4B1AC0EE811A474D183557
:106410002D68C5F3080501EE105AB8EE411A31EEA9
:10642000811AF7EE001A31EE211A22EE010A3DE040
:1064300077E01DE001EE100AB8EE411A9FED402A08
:10644000C2EE011A9FED3B1A80EE812A374D1835B6
:106450002D68C5F3080501EE105AB8EE411A32EE68
:10646000011AB7EE002A31EE021A21EE810A1DE070
:1064700001EE100AB8EE411ADFED301A81EE812AE2
:106480009FED2C1AC0EE811A284D18352D68C5F3E2
:10649000080501EE105AB8EE411A31EE811AF7EEF6
:1064A000001A31EE211A22EE010A00BF00BF1F4D73
:1064B00018352D68C5F3462501EE105AB8EE411A7D
:1064C000F7EE001A31EE211AC0EE011ABCEEE11A05
:1064D00081ED001A154D18352D68C5F3064501EEFE
:1064E000105AB8EE411AF7EE001A31EE211AC0EE3A
:1064F000011ABCEEE11A81ED011A0C4D18352D6818
:10650000C5F3066501EE105AB8EE411AF7EE001A0F
:1065100031EE211AC0EE011ABCEEE11A81ED021A29
:1065200003E000250D604D608D6070BD2844025869
:106530000090D003000000460024744C0024744AEC
:10654000001BB74B2DE9F04104460025A8464FF04B
:106550000062D4E900101140002013465940404029
:10656000014331D1606E48B1B0F5801F0DD0B0F558
:10657000001F11D0B0F5401F16D114E0FE4800688E
:1065800040F40030FC49086010E0022104F10800EA
:1065900004F062FD054609E0022104F1280004F040
:1065A0000DFE054602E001E0012500BF00BF55B920
:1065B000F1482430006820F44010616E0843EE4931
:1065C0002431086000E0A8464FF48072D4E900103E
:1065D0001140002013465940404001432ED1A06D88
:1065E00005281BD2DFE800F0030A11181900E24861
:1065F000006840F40030E049086011E0002104F137
:10660000080004F029FD05460AE0002104F12800F5
:1066100004F0D4FD054603E002E001E0012500BFDF
:1066200000BF55B9D4482430006820F00700A16DA0
:106630000843D1492431086000E0A8464FF4806245
:10664000D4E9001011400020134659404040014356
:106650003DD1D4F8A400B0F5C00F24D007DC68B158
:10666000B0F5001F11D0B0F5800F1FD114E0B0F5C8
:10667000000F19D0B0F5200F18D116E0BE48006801
:1066800040F40030BC49086012E0002104F1080029
:1066900004F0E2FC05460BE0002104F1280004F0C0
:1066A0008DFD054604E003E002E001E0012500BFA6
:1066B00000BF5DB9B0482C30006820F46000D4F809
:1066C000A4100843AC492C31086000E0A8464FF400
:1066D0000062D4E9000110400021134658404940AF
:1066E00008433DD1D4F8A800B0F1407F24D007DCA6
:1066F00068B1B0F1807F11D0B0F1007F1FD114E0FC
:10670000B0F1806F19D0B0F1A06F18D116E09A489F
:10671000006840F400309849086012E0002104F15C
:10672000080004F099FC05460BE0002104F1280064
:1067300004F044FD054604E003E002E001E0012529
:1067400000BF00BF5DB98C482C30006820F0E060CD
:10675000D4F8A810084388492C31086000E0A84606
:106760004FF00073D4E90010194000205940404018
:10677000014328D1E06CA8B1102804D0202809D00A
:10678000302810D10DE07C48006840F400307A4990
:1067900008600AE0022104F1080004F05DFC0546EF
:1067A00003E002E001E0012500BF00BF55B97248D7
:1067B0002030006820F03000E16C08436E49203141
:1067C000086000E0A8464FF48053D4E90010194057
:1067D000002059404040014337D1E06DB0F5005FE3
:1067E0001AD004DC50B1B0F5805F1ED10DE0B0F5D9
:1067F000405F18D0B0F5804F17D115E05E480068B3
:1068000040F400305C49086011E0002104F1080008
:1068100004F022FC05460AE0002104F1280004F0FF
:10682000CDFC054603E002E001E0012500BF00BF0A
:1068300055B951482430006820F4E040E16D084328
:106840004D492431086000E0A8464FF40053D4E9D4
:1068500000101940002059404040014335D1206EBE
:10686000B0F5403F1ED007DC68B1B0F5803F0BD0DB
:10687000B0F5003F19D10EE0B0F5802F13D0B0F580
:10688000A02F12D110E012E0012104F1080004F061
:10689000E3FB05460BE0012104F1280004F08EFC27
:1068A000054604E003E002E001E0012500BF00BF6F
:1068B00055B931482430006820F4E020216E0843A7
:1068C0002D492431086000E0A8464FF48042D4E905
:1068D000000110400021134658404940084337D179
:1068E000D4F8AC00B0F1405F1ED007DC68B1B0F165
:1068F000805F0BD0B0F1005F19D10EE0B0F1804F96
:1069000013D0B0F1A04F12D110E012E0012104F138
:10691000080004F0A1FB05460BE0012104F128006A
:1069200004F04CFC054604E003E002E001E0012530
:1069300000BF00BF5DB910482C30006820F0E04077
:10694000D4F8AC1008430C492C31086000E0A8468C
:106950004FF40043D4E90001184000215840494059
:1069600008432AD1E06EB8B1B0F1805F06D0B0F133
:10697000005F12D109E000002C440258F948006879
:1069800040F40030F749086009E0012104F10800F3
:1069900004F062FB054602E001E0012500BF00BFF4
:1069A00055B9F0482430006820F04050E16E0843AB
:1069B000EC492431086000E0A8464FF08073D4E928
:1069C00000101940002059404040014328D1A06CDC
:1069D000A8B1012804D0022809D0032810D10DE065
:1069E000E048006840F40030DE4908600AE0022117
:1069F00004F1080004F030FB054603E002E001E08A
:106A0000012500BF00BF55B9D6482030006820F0EE
:106A10000300A16C0843D3492031086000E0A84678
:106A20004FF48003D4E90010194000205940404041
:106A300001437DD1CC48006840F48070CA490860A9
:106A4000FDF72EFD064606E0FDF72AFD801B6428B3
:106A500001D9032505E0C448006800F480700028CF
:106A6000F2D000BF85BBBF484430006800F44070DE
:106A7000B4F8B01001F44071884213D0B9484430E2
:106A8000006820F44077B7484430006840F4803014
:106A9000B449443108600846006820F4803008603A
:106AA00008460760D4F8B000B0F5807F15D1FDF737
:106AB000F7FC064609E0FDF7F3FC801B41F2883144
:106AC000884202D9032507E038E0A6484430006830
:106AD000C0F340000028EED000BF55BB00BFB4F8A3
:106AE000B00000F44070B0F5407F0ED19D481C38D6
:106AF000006820F47C519D4AD4F8B000104041EA6F
:106B0000101098491C39086007E096481C38006846
:106B100020F47C5093491C39086092484430006846
:106B2000B4F8B010C1F30B0108438E49443101E0C1
:106B300005E001E0086002E0A84600E0A846012266
:106B4000D4E9000110400021134658404940084351
:106B500030D1A06F18281AD005DC48B1082808D019
:106B6000102817D10CE0202812D0282812D110E0CC
:106B700012E0012104F1080004F06EFA05460BE072
:106B8000012104F1280004F019FB054604E003E0AC
:106B900002E001E0012500BF00BF55B9714828306F
:106BA000006820F03800A16F08436E492831086062
:106BB00000E0A8460223D4E9001019400020594003
:106BC0004040014329D1606F062816D2DFE800F06B
:106BD00003040B12131412E0012104F1080004F065
:106BE0003BFA05460BE0012104F1280004F0E6FA27
:106BF000054604E003E002E001E0012500BF00BF1C
:106C000055B958482830006820F00700616F0843E4
:106C100054492831086000E0A8460422D4E9001055
:106C20001140002013465940404001432BD1D4F875
:106C30009000062816D2DFE800F003040B121314AC
:106C400012E0012104F1080004F006FA05460BE009
:106C5000012104F1280004F0B1FA054604E003E044
:106C600002E001E0012500BF00BF5DB93D482C30C6
:106C7000006820F00700D4F89010084339492C31FF
:106C8000086000E0A8462023D4E900011840002154
:106C900058404940084337D1D4F88C00B0F1405FE8
:106CA0001ED007DC68B1B0F1805F0BD0B0F1005F9F
:106CB00019D10EE0B0F1804F13D0B0F1A04F12D136
:106CC00010E012E0002104F1080004F0C5F90546C7
:106CD0000BE0022104F1280004F070FA054604E0FC
:106CE00003E002E001E0012500BF00BF5DB91D48DF
:106CF0002830006820F0E040D4F88C10084319498F
:106D00002831086000E0A8464023D4E9001019406B
:106D100000205940404001433CD1D4F89800B0F5E0
:106D2000406F25D007DC68B1B0F5806F0BD0B0F5AF
:106D3000006F20D10EE0B0F5805F1AD0B0F5A05FF3
:106D400019D117E019E0002104F1080004F084F9DA
:106D5000054612E0022104F1280004F02FFA05464E
:106D60000BE000002C44025800480258FFFCFF0FC3
:106D700003E002E001E0012500BF00BF4DB9FE487D
:106D8000006820F4E050D4F898100843FA490860ED
:106D900000E0A8468023D4E90010194000205940A3
:106DA0004040014335D1D4F89C00B0F5C04F1ED00F
:106DB00007DC68B1B0F5005F0BD0B0F5804F19D19A
:106DC0000EE0B0F5004F13D0B0F5204F12D110E017
:106DD00012E0002104F1080004F03EF905460BE042
:106DE000022104F1280004F0E9F9054604E003E07B
:106DF00002E001E0012500BF00BF4DB9DE48006898
:106E000020F46040D4F89C100843DB49086000E09F
:106E1000A8460823D4E90001184000215840494001
:106E2000084317D1D4F88000B0F5805F07D1022164
:106E300004F1280004F0C2F908B14FF00108CE486F
:106E4000001F006820F44050D4F880100843CA495D
:106E5000091F08601023D4E90001184000215840A0
:106E60004940084315D1D4F89400B0F5807F07D18C
:106E7000022104F1280004F0A1F908B14FF0010843
:106E8000BD48006820F44070D4F894100843BA4913
:106E900008604FF40023D4E9000118400021584055
:106EA0004940084327D1D4F8A00030B1B0F5803F65
:106EB0000AD0B0F5003F0FD10DE0002104F1080029
:106EC00004F0CAF8054609E0022104F1280004F0A4
:106ED00075F9054602E001E0012500BF00BF4DB98C
:106EE000A548006820F44030D4F8A0100843A24917
:106EF000086000E0A8464FF48023D4E90001184060
:106F000000215840494008432DD1D4F88400B0F501
:106F1000801F06D0B0F5001F0CD0B0F5401F11D176
:106F20000FE095482C38006840F4003092492C3925
:106F3000086009E0012104F1280004F03FF905464A
:106F400002E001E0012500BF00BF5DB98A48001FD3
:106F5000006820F44010D4F8841008438649091FC3
:106F6000086000E0A8464FF48032D4E900011040E8
:106F70000021134658404940084325D1206D18B1DF
:106F8000B0F5803F10D108E07B482C38006840F411
:106F9000003079492C39086008E0022104F108002A
:106FA00004F05AF8054601E0012500BF00BF55B9BD
:106FB00071480C38006820F48030216D08436E4918
:106FC0000C39086000E0A8464FF00053D4E90010E7
:106FD0001940002059404040014307D1022104F1EB
:106FE000280004F0EBF808B14FF001084FF400322C
:106FF000D4E900011040002113465840494008439D
:1070000027D1E06FA0B1B0F5807F06D0B0F5007F4A
:107010000CD0B0F5407F0CD109E057482C380068FF
:1070200040F4003054492C39086004E003E002E0E9
:1070300001E0012500BF00BF55B94F48001F00689F
:1070400020F44070E16F08434B49091F086000E0DD
:10705000A8464FF48012D4E90010114000201346D6
:1070600059404040014309D143480838006820F0A6
:107070000040216F08434049083908604FF400136D
:10708000D4E900011840002158404940084309D183
:1070900039480838006820F08070A16E08433649EE
:1070A000083908604FF08043D4E9001019400020EF
:1070B00059404040014311D100BF2F484838006873
:1070C00020F400402C494839086008460068D4F88C
:1070D000B410084328494839086000BF4FF0004207
:1070E000D4E90001104000211346584049400843AC
:1070F00009D121480C38006820F04050616D0843E8
:107100001D490C3908604FF40002D4E90010114009
:10711000002013465940404001430AD11648001F41
:10712000006820F44000D4F8881008431249091F71
:10713000086001220021606810404940504001432E
:1071400006D104F1080003F087FF054605B1A84603
:10715000022200216068104049405040014307D19D
:10716000012104F1080003F077FF054605B1A846A8
:1071700004230020616801E05844025819400422A9
:1071800040405140084307D1022104F1080003F0B8
:1071900063FF054605B1A846082300206168194031
:1071A000082240405140084307D1002104F1280043
:1071B00004F004F8054605B1A846102300206168D4
:1071C0001940102240405140084307D1012104F1E9
:1071D000280003F0F3FF054605B1A8462022002150
:1071E0006068104049405040014307D1022104F13A
:1071F000280003F0E3FF054605B1A846B8F1000FEB
:1072000002D10020BDE8F0810120FBE72DE9F0412B
:1072100004460D4614B90120BDE8F081BD48006860
:1072200000F00F00A8420ED2BA48006820F00F000C
:107230002843B84908600846006800F00F00A842DB
:1072400001D00120E8E7207800F0040004280ED1E6
:10725000B1492069096801F07001884207D9AE4838
:10726000006820F0700021690843AB49086020786D
:1072700000F00800082811D1A749091D60690968B4
:1072800001F07001884209D9A348001D006820F070
:10729000700061690843A049091D0860207800F06A
:1072A0001000102811D19C49091DA069096801F43A
:1072B000E061884209D99848001D006820F4E06028
:1072C000A16908439449091D0860207800F0200056
:1072D000202811D190490831E069096801F0700156
:1072E000884209D98C480830006820F07000E169B4
:1072F0000843894908310860207800F0020002281C
:107300000ED18549E068096801F00F01884207D96C
:107310008148006820F00F00E16808437E4908605A
:10732000207800F00100002850D07B48006820F44D
:107330007060A1680843784908606068022807D136
:10734000754818380068C0F34040F8B9012063E779
:107350006068032807D1704818380068C0F340609F
:10736000A0B9012058E76068012807D16A48183899
:107370000068C0F3002048B901204DE7664818387E
:107380000068C0F3800008B9012045E7624808386A
:10739000006820F00700616808435F490839086009
:1073A000FDF77EF8064608E0FDF77AF8801B41F20B
:1073B0008831884201D903202EE7574808380068F1
:1073C00000F038006168B0EBC10FEDD1207800F01B
:1073D000020002280ED15049E068096801F00F014F
:1073E000884207D24C48006820F00F00E16808434B
:1073F000494908604748006800F00F00A8420ED9CC
:107400004448006820F00F002843424908600846BD
:10741000006800F00F00A84201D00120FCE62078AF
:1074200000F0040004280ED13B492069096801F0EE
:107430007001884207D23848006820F07000216946
:10744000084335490860207800F00800082811D169
:107450003149091D6069096801F07001884209D24B
:107460002D48001D006820F07000616908432A491A
:10747000091D0860207800F01000102811D126495D
:10748000091DA069096801F4E061884209D2224817
:10749000001D006820F4E060A16908431E49091D31
:1074A0000860207800F02000202811D11A49083106
:1074B000E069096801F07001884209D21648083075
:1074C000006820F07000E169084313490831086042
:1074D00000F076F810490968C1F303210F4A515CA6
:1074E00001F01F0120FA01F70B48006800F00F00BF
:1074F0001146085C00F01F0027FA00F008490860F8
:107500000848076008480068FDF728F980464046AB
:1075100082E600000020005218440258F02C0108B6
:10752000B8000024B4000024AC00002410B500F022
:1075300047F80D490968C1F303210C4A515C01F079
:107540001F0120FA01F40848006800F00F001146FE
:10755000085C00F01F0024FA00F0054908600548A7
:1075600004600846006810BD18440258F02C010859
:10757000B8000024B400002400B5FFF7D7FF054988
:107580000968C1F30211044A515C01F01F01C840AF
:1075900000BD00001C440258F02C010800B5FFF7A4
:1075A000C5FF05490968C1F30221044A515C01F095
:1075B0001F01C84000BD00001C440258F02C010807
:1075C000F0B5824E366806F0380636B1082E15D072
:1075D000102E15D0182E7DD114E07C4E103E36684A
:1075E000C6F3401646B1794E103E3668C6F3C10761
:1075F000774E26FA07F000E07548E5E07548E3E0CD
:107600007548E1E0714E1836366806F003046F4E97
:1076100018363668C6F305116C4E1C36366806F00F
:1076200001056A4E24363668C6F3CC0616FB05F60D
:1076300001EE106AB8EE410A002971D024B1012C84
:1076400050D0022C6DD16DE0604E103E3668C6F30E
:1076500040163EB35D4E103E3668C6F3C1075C4E21
:1076600026FA07F301EE103AF8EE411A01EE101A6D
:10767000B8EE411A81EE812A9FED581AC0EE011A28
:10768000524E20363668C6F3080601EE106AB8EE90
:10769000411A31EE811AF7EE001A31EE211A62EE2C
:1076A000010A1EE001EE101AB8EE411ADFED4C1A85
:1076B00081EE812A9FED491AC0EE011A434E203611
:1076C0003668C6F3080601EE106AB8EE411A31EECC
:1076D000811A00E076E0F7EE001A31EE211A62EE30
:1076E000010A5BE001EE101AB8EE411A9FED3D2A47
:1076F000C2EE011A9FED391A80EE012A334E203670
:107700003668C6F3080601EE106AB8EE411A32EE8A
:10771000011AB7EE002A31EE021A61EE810A3DE04D
:107720004EE01DE001EE101AB8EE411ADFED2E1A00
:1077300081EE812A9FED291AC0EE011A234E2036D0
:107740003668C6F3080601EE106AB8EE411A31EE4B
:10775000811AF7EE001A31EE211A62EE010A1DE0DD
:1077600001EE101AB8EE411A9FED1E2AC2EE011A60
:107770009FED1A1A80EE012A144E20363668C6F3A1
:10778000080601EE106AB8EE411A32EE011AB7EEA1
:10779000002A31EE021A61EE810A00BF00BF0B4ED3
:1077A00020363668C6F34626721C01EE102AB8EE63
:1077B000411AC0EE811ABCEEE11A11EE100A00E087
:1077C000002001E0034800BF00BFF0BD1044025894
:1077D0000090D00300093D0000366E010000004615
:1077E0000024744C0024744A001BB74B70B586B05B
:1077F00006460C4615463EBB00BF2848006840F0D0
:107800000100264908600846006800F00100009069
:1078100000BF00BF4FF4807001900220029003204F
:10782000049000200390059001A91D48FCF73AFD43
:107830001A48D038006820F0FE7044EA0501084379
:107840001649D039086026E000BF1448006840F0AF
:107850000400124908600846006800F00400009027
:1078600000BF00BF4FF4007001900220029003207F
:10787000049000200390059001A90A48FCF712FD2E
:107880000648D038006820F07E4044EAC51108431D
:107890000249D039086006B070BD0000E0440258CB
:1078A00000000258000802582DE9F047044614B9B8
:1078B0000120BDE8F087207800F00100002870D09A
:1078C000F948006800F03808F7481830D0F8009000
:1078D000B8F1100F06D0B8F1180F0FD109F003005E
:1078E00002280BD1F04810380068C0F3404000284F
:1078F0006AD06068002867D10120DAE700BF6068BD
:10790000B0F5803F08D1E8481038006840F4803076
:10791000E549103908602EE0606868B9E24810381F
:10792000006820F48030E04910390860084600689B
:1079300020F4802008601EE06068B0F5A02F0DD113
:10794000D9481038006840F48020D74910390860C1
:107950000846006840F4803008600CE0D2481038D7
:10796000006820F48030D04910390860084600686B
:1079700020F48020086000BF606898B1FCF790FD9B
:10798000054606E0FCF78CFD401B642801D9032066
:107990008FE7C54810380068C0F340400028F1D098
:1079A00012E012E0FCF77CFD054606E0FCF778FDEE
:1079B000401B642801D903207BE7BB4810380068CE
:1079C000C0F340400028F1D100BF207800F0020051
:1079D000022879D1B448006800F03808B24818305D
:1079E000D0F80090B8F1000F05D0B8F1180F35D1DC
:1079F00009F0030088BBAC4810380068C0F3800071
:107A000018B1E06808B9012053E7A74810380068AA
:107A100020F01900E1680843A34910390860FCF719
:107A20003FFD054606E0FCF73BFD401B022801D95F
:107A300003203EE79C4810380068C0F3800000280F
:107A4000F1D099480C38006820F0FE40217C40EAD3
:107A5000016095490C39086045E0FFE7E06838B3FC
:107A600091481038006820F01900E16808438E49F9
:107A700010390860FCF714FD054606E0FCF710FD20
:107A8000401B022801D9032013E7874810380068FB
:107A9000C0F380000028F1D083480C38006820F043
:107AA000FE40217C40EA01607F490C3908601AE001
:107AB0007D481038006820F001007B4910390860CB
:107AC000FCF7EEFC054607E00EE0FCF7E9FC401B86
:107AD000022801D90320ECE6734810380068C0F38F
:107AE00080000028F1D100BF207800F0100010289D
:107AF0006FD16D48006800F038086B481830D0F836
:107B00000090B8F1080F06D0B8F1180F1CD109F099
:107B10000300012818D1644810380068C0F3002021
:107B200020B1E069802801D00120C2E600BF5E4894
:107B3000001F006820F07C5094F8201040EA01609B
:107B40005949091F086043E0E06938B356481038C6
:107B5000006840F08000544910390860FCF7A0FC30
:107B6000054606E0FCF79CFC401B022801D90320D7
:107B70009FE64D4810380068C0F300200028F1D07F
:107B800000BF4948001F006820F07C5094F8201086
:107B900040EA01604449091F086019E04248103872
:107BA000006820F08000404910390860FCF778FC3C
:107BB000054606E0FCF774FC401B022801D90320AF
:107BC00077E6394810380068C0F300200028F1D16A
:107BD00000BF207800F00800082836D16069D0B1D5
:107BE00031486430006840F001002F49643108607A
:107BF000FCF756FC054606E0FCF752FC401B022849
:107C000001D9032055E6284864300068C0F34000DD
:107C10000028F1D019E024486430006820F0010009
:107C2000214964310860FCF73BFC054606E0FCF79F
:107C300037FC401B022801D903203AE61A48643079
:107C40000068C0F340000028F1D1207800F0200047
:107C5000202838D1A069D0B113481038006840F40A
:107C60008050114910390860FCF71AFC054606E0FF
:107C7000FCF716FC401B022801D9032019E60A482C
:107C800010380068C0F340300028F1D01BE00648EF
:107C90001038006820F48050034910390860FCF760
:107CA000FFFB054609E0000010440258FCF7F8FB12
:107CB000401B022801D90320FBE5D0480068C0F32F
:107CC00040300028F2D1207800F0040004287DD153
:107CD000CB48006840F48070C9490860FCF7E0FBBD
:107CE000054606E0FCF7DCFB401B642801D90320B5
:107CF000DFE5C348006800F480700028F2D000BFC0
:107D0000A068012808D1BD487030006840F001002B
:107D1000BA49703108602DE0A06868B9B748703082
:107D2000006820F00100B54970310860084600681D
:107D300020F0040008601DE0A06805280DD1AF48C0
:107D40007030006840F00400AC49703108600846AB
:107D5000006840F0010008600CE0A848703000683E
:107D600020F00100A549703108600846006820F045
:107D70000400086000BFA068A0B1FCF791FB0546B5
:107D800008E0FCF78DFB401B41F28831884201D9A5
:107D900003208EE5994870300068C0F34000002849
:107DA000EFD013E0FCF77CFB054608E0FCF778FB1E
:107DB000401B41F28831884201D9032079E58F4880
:107DC00070300068C0F340000028EFD1606A0028DE
:107DD0007DD08A481030006800F03800182877D02D
:107DE000606A022875D18548006820F08070834958
:107DF0000860FCF755FB054606E0FCF751FB401B0D
:107E0000022801D9032054E57C480068C0F3406093
:107E10000028F2D100BFD4E90A1041EA00107749E6
:107E20002831096840F2F3329143084373492831FD
:107E30000860208E401EC0F30800616B491E4FF49D
:107E40007E4202EA41210843218F491ED20102EA03
:107E5000014108433C21095D491E120202EA016109
:107E6000084366493031086000BF081F006820F0F1
:107E70000100091F08606148343000684FF6F8714E
:107E80008843A16C40EAC1005C49343108605B481A
:107E90002C30006820F00C00216C084357492C312D
:107EA00008600846006820F00200616C08435349EE
:107EB0002C3108600846006840F4803008600846AD
:107EC000006840F4003008600846006802E092E074
:107ED00038E01FE040F4802008600846006840F069
:107EE000010008604548006840F080704349086020
:107EF000FCF7D6FA054606E0FCF7D2FA401B02284A
:107F000001D90320D5E43D480068C0F34060002853
:107F1000F2D070E03948006820F08070374908607E
:107F2000FCF7BEFA054606E0FCF7BAFA401B022849
:107F300001D90320BDE431480068C0F34060002847
:107F4000F2D158E02D48283007682C4830300668B8
:107F5000606A012821D007F00301A06A81421CD188
:107F6000C7F30511E06A884217D1C6F30801206BF8
:107F7000401E814211D1606B401EC6F346218842EB
:107F80000BD1A06B401EC6F30641884205D1E06BC1
:107F9000401EC6F30661884201D0012089E41748DB
:107FA00034300068C0F3CC07A06CB84223D013482B
:107FB0002C30006820F0010010492C310860FCF7DB
:107FC0006FFA054600BFFCF76BFA401BFBD00B486D
:107FD000343000684FF6F8718843A16C40EAC10064
:107FE00006493431086005482C30006840F0010033
:107FF00002492C31086000205BE400000044025874
:10800000004802582DE9F04104460D4616461F4629
:1080100014B90120BDE8F081D4F8880028B9002007
:1080200084F88400204601F063FC2420C4F8880012
:108030002068006820F0010021680860204604F0F4
:10804000C1FA012800D1E5E7A06A10B1204603F08B
:1080500085FD2068806840F4804021688860206841
:10806000806820F400402843216888604FEA465821
:1080700048EA0748206800680749084040EA0800C5
:10808000216808602068006840F0010021680860ED
:10809000204603F0DFFDBDE7FFFF00FC7047000056
:1080A0002DE9F05F0446206807692068D0F8148045
:1080B00007EA08052068D0F808904FF0000A94F805
:1080C0008160206800F1300B08F40060B0F5006FAB
:1080D0000ED107F0080008280AD12068806940F412
:1080E000006021688861204600F011FBBDE8F09F28
:1080F00005F0400070B905F0200058B905F0040003
:10810000042807D12046616F88472046216F8847A1
:108110004FF0010A05F0400050B905F0010038B1F8
:1081200005F0040020B92046216F88474FF0010A6E
:1081300005F0200058B905F00200022807D105F02B
:10814000040020B92046616F88474FF0010ABAF158
:10815000000F00D0CAE705F00800082863D12068A6
:10816000806940F00800216888612068806940F0DB
:108170001000216888612068806940F400602168EF
:1081800088612068006920F0080021680861206883
:10819000806800F4404038BB22E0E0680F2807D92F
:1081A0002068006B616E0860606E001D606612E002
:1081B000E068072807D9BBF80000616E0880606E90
:1081C000801C606607E0206890F83000616E0870DF
:1081D000606E401C6066B4F86A00401EA4F86A0035
:1081E000B4F86A000028D8D1204603F0A1F8012095
:1081F00084F88100D4F8840018B12046FFF74EFFC0
:1082000074E7052E03D1204600F083FA0AE0042E1D
:1082100003D1204600F07AFA04E0032E02D1204672
:1082200000F076FA62E705F4587000287DD005F07A
:10823000400058B1D4F8840040F00400C4F8840031
:108240002068806940F040002168886105F4007072
:1082500058B1D4F8840040F00100C4F884002068CC
:10826000806940F400702168886105F4807058B11D
:10827000D4F8840040F00800C4F8840020688069C5
:1082800040F480702168886105F0200058B1D4F86E
:10829000840040F08000C4F884002068806940F0C9
:1082A000200021688861D4F88400A8B320680068A1
:1082B00020F00100216808602068006940F26B31FD
:1082C00088432168086109F44040B0F5404F25D14A
:1082D0002068806820F4404021688860E06F60B1C9
:1082E0001348E16F0865E06FF9F7D8FC28B1D4F8BE
:1082F000840040F04000C4F88400A06F60B10C48D6
:10830000A16F0865A06FF9F7C9FC28B1D4F8840003
:1083100040F04000C4F8840006E006E0012084F844
:1083200081002046FFF7BAFEE0E600BFDEE600006F
:1083300007B4000870B504460CB9012070BD606A2E
:1083400000B900BF0021A1626349206888420CD0B7
:1083500062492068884208D061492068884204D078
:10836000E0680F2801D90120E8E7204603F059F81A
:10837000054659492068884209D0584920688842F2
:1083800005D057492068884201D0082D0DD85249A0
:108390002068884207D051492068884203D050495C
:1083A0002068884203D1102D01D90120C6E794F836
:1083B000810028B9002084F88000204600F092F85F
:1083C000022084F881002068006820F00100216804
:1083D00008602068806800F4F816A069B0F1806F2A
:1083E00011D16068B0F5800F01D1A06B28B1606831
:1083F00048B9A06BB0F1805F05D12068006840F4F7
:10840000805021680860606800F48000B0F5800F3B
:108410000BD1E068072808D32068006820F480703A
:10842000216D08432168086005E02068006820F499
:10843000807021680860A16AE06908433043E16BFD
:108440000843E168084321688860616A606B0843FB
:10845000A16B0843A1690843216908436169084386
:10846000216A084361680843E16C0843A168084336
:10847000A16C0843A16D08432168C860606878B9A1
:108480002068806820F4C05040F400602168886053
:108490002068806820F4C06040F4806021688860B3
:1084A0002068006D20F0010021680865606800F414
:1084B0008000B0F5800F07D12068C06820F0004030
:1084C000616D08432168C8600020C4F88400012061
:1084D00084F88100002031E700300140003800407E
:1084E000003C004010B5B6B00446142130A8F7F7A0
:1084F000C3FFB82102A8F7F7BFFF7B492068884275
:1085000050D181140020CDE90210199002A8FEF785
:1085100019F808B1F8F787FB00BF7448006840F409
:108520008050724908600846006800F4805001904D
:1085300000BF00BF00BF6D481038006840F0080061
:108540006A49103908600846006800F00800019088
:1085500000BF00BF00BF0846006840F0020008608E
:108560000846006800F00200019000BF00BF8020B4
:1085700030900220319000203290339005203490CA
:1085800030A95B48FBF78EFE182030900220319016
:108590000020329033900520349030A95548FBF7E5
:1085A00081FE9EE0544920688842FAD1811400205F
:1085B000CDE90210199002A8FDF7C4FF08B1F8F741
:1085C00032FB00BF49480838006840F48040474902
:1085D000083908600846006800F48040019000BF38
:1085E00000BF00BF41481038006840F004003F4918
:1085F000103908600846006800F00400019000BFD0
:1086000000BF00BF0846006840F00200086008464E
:10861000006800F00200019000BF00BF062030900B
:10862000022031900020329033900520349030A900
:108630003248FBF737FE4FF4005030900220319063
:108640000020329033900520349030A92948FBF760
:1086500029FE2B482B490860272048600021294823
:108660008160C1604FF480610161002141618161DD
:10867000C1614FF44031016200214162FAF75AFAB8
:1086800008B1F8F7D0FA00BF1E48E067846300BF66
:108690001B4818301C4908602820486040211A48AF
:1086A00081600021C1604FF480610161002141615E
:1086B0008161C1614FF44031016200214162FAF7EA
:1086C00039FA08B1F8F7AFFA00BF0F48A067846322
:1086D00000BF002205212420FCF798F82420FCF795
:1086E00081F836B010BD000000300140F04402585F
:1086F000000C0258000402580038004000080258DC
:108700001000024038540024B054002470477047D1
:108710007047704770B504462546681EB0F1807FEB
:1087200001D301200FE0681E4FF0E02148610F21C6
:108730004FF0FF3007F0BAFC00204FF0E0218861D5
:1087400007200861002070BD704770477047000027
:1087500010B50346002200BF93F83C00012801D168
:10876000022010BD012083F83C0000BF22F0FF0072
:10877000CC6840EA040222F440708C6840EA0402AB
:1087800022F480604C6840EA040222F400600C6825
:1087900040EA040222F480500C6940EA040222F408
:1087A00000504C6940EA040222F480400C6B40EA1D
:1087B000040222F470200C8B40EA04421C4C18681E
:1087C000A04203D01B4C1868A04204D122F0805074
:1087D000CC6940EA0402164C1868A04203D0154C3C
:1087E0001868A0421BD122F470000C8D40EA04529C
:1087F00022F080700C6A40EA040222F000704C6A99
:1088000040EA04020A4C1868A04203D0094C1868D8
:10881000A04204D122F00050CC6A40EA0402186859
:10882000426400BF002083F83C0000BF00BF98E70F
:10883000000001400004014030B502460B4600BF75
:1088400092F83C00012801D1022030BD012082F8BD
:108850003C0000BF022082F83D00106841681068AB
:108860008468254D1068A84203D0244D1068A842A2
:1088700003D121F470015868014321F07001186898
:108880000143106841601C4D1068A84223D0106855
:10889000B0F1804F1FD01A4D1068A8421BD0194D5F
:1088A0001068A84217D0184D1068A84213D0134D75
:1088B0001068A8420FD0154D1068A8420BD0144D77
:1088C0001068A84207D0134D1068A84203D0124D7B
:1088D0001068A84205D124F0800498680443106809
:1088E0008460012082F83D0000BF002082F83C0037
:1088F00000BF00BFA9E700000000014000040140E4
:108900000004004000080040000C00400018004037
:108910000040014000E0004000E4004010B5044683
:108920000CB9012010BD94F83D0028B9002084F84E
:108930003C00204600F02AF8022084F83D00211D6A
:10894000206802F073FE012084F8480000BF84F81C
:108950003E0001213F200155402001554120015595
:10896000422001554320015500BF00BF012084F87B
:10897000440045200155462001554720015500BFC0
:10898000012084F83D000020CCE7000010B586B03F
:108990000446142101A8F7F76FFD2068B0F1804F5D
:1089A00032D100BF1948006840F001001749086043
:1089B0000846006800F00100009000BF00BF00BF43
:1089C00012480838006840F0010010490839086072
:1089D0000846006800F00100009000BF00BF0520BD
:1089E0000190022002900020039004900120059045
:1089F00001A90748FBF756FC002205211C20FBF7C4
:108A000005FF1C20FBF7EEFE06B010BDE84402583F
:108A100000000258014691F83D00012801D00120D4
:108A20007047022081F83D000868C06840F00100EE
:108A30000B68D860204B0868984223D00868B0F1D2
:108A4000804F1FD01D4B086898421BD01C4B0868F4
:108A5000984217D01B4B0868984213D01A4B0868ED
:108A600098420FD0194B086898420BD0184B0868F1
:108A7000984207D0174B0868984203D0164B0868F5
:108A8000984210D108688068144B00EA0302062A55
:108A90000FD0B2F5803F0CD00868006840F00100AC
:108AA0000B68186005E00868006840F001000B687A
:108AB00018600020B4E700000000014000040040FE
:108AC00000080040000C0040000401400018004075
:108AD0000040014000E0004000E4004007000100C9
:108AE0002DE9F04104460D46002700BF94F83C00F4
:108AF000012802D10220BDE8F081012084F83C0069
:108B000000BF022084F83D00206886684048064087
:108B100026F47F46206886602868702826D00CDC02
:108B200000F00F01002966D10011072863D2DFE8A9
:108B300000F0555657584B374100B0F1101F52D036
:108B400009DCB0F5805F10D0B0F5005F1BD0B0F548
:108B5000801F50D146E0A0F580102038002843D077
:108B6000102842D0202846D140E046E0D5E9021343
:108B70006A68206802F0CAFD2068866846F07706B9
:108B80002068866039E0D5E902136A68206802F03F
:108B9000BDFD2068806840F48040216888602CE03A
:108BA000EA686968206802F07DFF5021206802F0C1
:108BB000B9FD22E0EA686968206802F086FF60215A
:108BC000206802F0AFFD18E0EA686968206802F0EA
:108BD00069FF4021206802F0A5FD0EE000BF00BF44
:108BE00000BF00BF00BF00BF00BF00BF29682068F2
:108BF00002F098FD01E0012700BF00BF012084F8CA
:108C00003D0000BF002084F83C0000BF384672E7FA
:108C100088FFCEFF704710B5044620680069C0F396
:108C20004000D8B12068C068C0F34000B0B16FF018
:108C3000020021680861012020772068806900F027
:108C4000030018B12046FFF7E5FF05E0204600F0DD
:108C500011F9204600F054FA0020207720680069BE
:108C6000C0F38000D8B12068C068C0F38000B0B104
:108C70006FF0040021680861022020772068806975
:108C800000F4407018B12046FFF7C4FF05E020460D
:108C900000F0F0F8204600F033FA0020207720683A
:108CA0000069C0F3C000D8B12068C068C0F3C0003C
:108CB000B0B16FF0080021680861042020772068B7
:108CC000C06900F0030018B12046FFF7A3FF05E0DC
:108CD000204600F0CFF8204600F012FA002020775E
:108CE00020680069C0F30010D8B12068C068C0F3E4
:108CF0000010B0B16FF010002168086108202077E3
:108D00002068C06900F4407018B12046FFF782FF68
:108D100005E0204600F0AEF8204600F0F1F9002012
:108D200020772068006900F0010058B12068C06811
:108D300000F0010030B16FF00100216808612046A9
:108D400000F0DFF920680069C0F3C01058B1206856
:108D5000C068C0F3C01030B16FF0800021680861B6
:108D60002046FFF7F2FC20680069C0F3002058B1EC
:108D70002068C068C0F3C01030B16FF48070216803
:108D800008612046FFF7E0FC20680069C0F380100E
:108D900058B12068C068C0F3801030B16FF0400057
:108DA00021680861204600F0ADF920680069C0F331
:108DB000401058B12068C068C0F3401030B16FF067
:108DC0002000216808612046FFF7C0FC10BD0000AC
:108DD00010B586B00446142101A8F7F74DFB2049D1
:108DE000206888421CD100BF1E48006840F0100077
:108DF0001C4908600846006800F01000009000BFA1
:108E000000BF4FF4007001900220029000200390F8
:108E100004900120059001A91348FBF743FA1DE0D7
:108E200012492068884219D100BF0E48006840F0FE
:108E300002000C4908600846006800F0020000903B
:108E400000BF00BF02200190029000200390049018
:108E50000220059001A90648FBF724FA06B010BDD0
:108E600000000140E0440258001002580004004095
:108E70000004025870472DE9F04104460D4616469D
:108E8000002700BF94F83C00012802D10220BDE871
:108E9000F081012084F83C0000BF0C2E51D005DC8D
:108EA0004EB1042E1ED0082E7AD133E0102E60D0A1
:108EB000142EF9D175E02946206802F03FFC2068A5
:108EC000806940F00800216888612068806920F08E
:108ED0000400216888612068806929690843216845
:108EE000886178E02946206802F07EFC206880696D
:108EF00040F40060216888612068806920F4806007
:108F00002168886120688069296940EA0120216818
:108F1000886160E02946206802F0C0FC2068C069D2
:108F200040F008002168C8612068C06920F0040092
:108F30002168C8612068C069296908432168C8613F
:108F400049E02946206802F003FD2068C06940F42A
:108F500000602168C8612068C06920F480602168D1
:108F6000C8612068C069296940EA01202168C86198
:108F700031E02946206802F025FD2068406D40F070
:108F80000800216848652068406D20F004002168D1
:108F900048652068406D29690843216848651AE0E2
:108FA00017E02946206802F045FD2068406D40F436
:108FB0000060216848652068406D20F48060216869
:108FC00048652068406D296940EA012021684865AC
:108FD00001E0012700BF00BF00BF002084F83C0073
:108FE00000BF384653E710B504460CB9012010BD48
:108FF00094F83D0028B9002084F83C00204600F099
:1090000029F8022084F83D00211D206802F00EFBA3
:10901000012084F8480000BF84F83E0001213F2071
:109020000155402001554120015542200155432062
:10903000015500BF00BF012084F8440045200155C0
:10904000462001554720015500BF012084F83D000E
:109050000020CCE710B586B00446142101A8F7F72C
:109060000BFA2349206888422CD100BF21480068B0
:1090700040F001001F4908600846006800F0010048
:10908000009000BF00BF00BF1A481038006840F0D1
:1090900010001849103908600846006800F01000F8
:1090A000009000BF00BF4FF40050019002200290DA
:1090B0000020039004900120059001A90E48FBF7C1
:1090C000F1F813E00D49206888420FD100BF09482C
:1090D0000838006840F00200064908390860084670
:1090E000006800F00200009000BF00BF06B010BD95
:1090F00000000140F04402580010025800040040F3
:10910000704770477047014600BF91F884000128FE
:1091100001D102207047012081F8840000BF242083
:10912000C1F88800086802680868006820F001003B
:109130000B68186022F00052002048660868026040
:109140002020C1F8880000BF002081F8840000BF03
:1091500000BFDFE72DE9F04104460E461746D4F87C
:109160008C00202825D106B117B90120BDE8F08177
:109170000120E066002020673A463146204603F091
:1091800035FD05469DB9E06E01280FD110202168FC
:10919000086200BF00BF216851E8001F41F01000C5
:1091A000226842E800010029F5D100E001252846A7
:1091B000DCE70220DAE7000070B506460D463046CF
:1091C000F7F79AFF044604B970BD0DB1082D0CD90C
:1091D000A06B401CA063002021780C4A02EB4111D7
:1091E000C8712046F8F706F9EEE7294604F1200099
:1091F000F7F730FF2A4604F120012046F7F7FEFF7B
:109200002046F8F7F7F800BFDEE70000E05F002433
:10921000704770B504460D4600BF94F884000128DD
:1092200001D1022070BD012084F8840000BF2420F9
:10923000C4F88800206806682068006820F00100F3
:10924000216808602068806820F0606028432168F9
:109250008860204602F056FC206806602020C4F892
:10926000880000BF002084F8840000BF00BFD9E759
:1092700070B504460D4600BF94F88400012801D162
:10928000022070BD012084F8840000BF2420C4F8AF
:109290008800206806682068006820F001002168C6
:1092A00008602068806820F060402843216888605A
:1092B000204602F027FC206806602020C4F88800C1
:1092C00000BF002084F8840000BF00BFD9E77047CA
:1092D0007047000010B5044600BF00BF216851E888
:1092E000001F21F49070226842E800010029F5D1A6
:1092F00000BF00BF00BF2168083151E8001F2C4AA1
:1093000001EA02002168083141E80002002AF2D196
:1093100000BFE06E01280CD100BF00BF216851E8FA
:10932000001F21F01000226842E800010029F5D159
:1093300000BF2068806800F04000402825D100BFB1
:1093400000BF2168083151E8001F21F0400021686A
:10935000083141E80002002AF3D100BFD4F88000B0
:1093600098B10020D4F880100865D4F88000F8F790
:1093700027FA50B1D4F88000F8F75CFE202804D119
:109380001020C4F89000032010BD0020A4F85E0057
:109390000F20216808622068806940F00800216879
:1093A00088612020C4F88C000020E06600BFEBE755
:1093B000FEFFFFEF70B505462846F7F79DFE044611
:1093C00004B970BDA06B401CA06300202178044A42
:1093D00002EB4111C8712046F8F70CF800BFF0E726
:1093E000E05F00242DE9F04704462068C569206845
:1093F00006682068876840F60F0005EA0009B9F1A1
:10940000000F0FD105F0200060B106F0200010B968
:1094100007F0805030B1606F10B12046616F88470F
:10942000BDE8F087B9F1000F7ED0FE48384018B98A
:10943000FD4830400028F7D005F0010058B106F48F
:10944000807040B1012021680862D4F8900040F09B
:109450000100C4F8900005F0020058B107F00100C7
:1094600040B1022021680862D4F8900040F0040066
:10947000C4F8900005F0040058B107F0010040B1B5
:10948000042021680862D4F8900040F00200C4F87B
:10949000900005F0080070B106F0200010B9E14816
:1094A000384040B1082021680862D4F8900040F0AC
:1094B0000800C4F8900005F4006060B106F0806018
:1094C00048B14FF4006021680862D4F8900040F081
:1094D0002000C4F89000D4F89000002852D005F085
:1094E000200050B106F0200010B907F0805020B1E4
:1094F000606F10B12046616F8847D4F890A0206853
:10950000806800F04000402802D00AF0280070B3C4
:10951000204602F0EBFC2068806800F04000402804
:1095200026D100BF00BF00E02DE02168083151E8DE
:10953000001F21F040002168083141E80002002AA4
:10954000F1D100BFD4F8800068B1B848D4F88010D9
:109550000865D4F88000F8F7A1FB98B1D4F8800032
:10956000016D88470EE02046FFF724FF0AE003E084
:109570002046FFF71FFF05E02046FFF71BFF0020F6
:10958000C4F890004CE7E06E01287DD105F0100092
:10959000002879D006F010000028FAD010202168A9
:1095A00008622068806800F0400040286DD1D4F83F
:1095B000800000689E4988426BD0D4F88000006823
:1095C0009B491831884264D0D4F8800000689849DB
:1095D000303188425DD0D4F8800000689449483129
:1095E000884256D0D4F880000068914960318842A2
:1095F0004FD0D4F8800000688D497831884248D037
:10960000D4F8800000688A499031884241D0D4F86B
:10961000800000688649A83188423AD0D4F880009A
:1096200000688449884234D0D4F8800000688149B9
:10963000183188422DD0D4F8800000687D4930313F
:10964000884226D0D4F8800000687A4948318842A0
:109650001FD0D4F88000006876496031884218D065
:10966000D4F88000006873497831884211D0D4F86A
:10967000800000686F49903188420AD0D4F8800099
:1096800000686C49A83102E0AEE069E001E0884280
:1096900004D1D4F880000068406803E0D4F880006A
:1096A000006840681FFA80F8B8F1000F57D0B4F88E
:1096B0005C00404553DDA4F85E80D4F88000C069AA
:1096C000B0F5807F40D000BF00BF216851E8001F87
:1096D00021F48070226842E800010029F5D100BF22
:1096E00000BF00BF2168083151E8001F21F00100D0
:1096F0002168083141E80002002AF3D100BF00BF11
:1097000000BF2168083151E8001F21F040002168A6
:10971000083141E80002002AF3D100BF2020C4F83C
:109720008C000020E06600BF00BF216851E8001FE8
:1097300021F01000226842E800010029F5D100BFA5
:10974000D4F88000F8F73CF802202067B4F85C00F9
:10975000B4F85E20801A81B22046FFF72DFD5FE647
:1097600034F85C0F6188401A1FFA80F860885C3C0E
:10977000C8B3B8F1000F36D000BF00BF216851E870
:10978000001F21F49070226842E800010029F5D101
:1097900000BF00BF00BF2168083151E8001F214A07
:1097A000D24301EA02002168083141E80002002AA0
:1097B000F1D100BF2020C4F88C000020E066606773
:1097C00000BF00BF216851E8001F21F0100022688F
:1097D00042E800010029F5D100BF02202067414680
:1097E0002046FFF7E9FC1BE605F4801050B107F4B2
:1097F000800038B14FF48010216808622046FFF7DE
:1098000067FD0DE605F08000B0B106F0800010B9EC
:1098100007F4000080B1A06F10B12046A16F884707
:10982000FEE5000001000010200100043FBD00081B
:10983000100002401004024005F0400030B106F074
:10984000400018B1204602F087FBE9E505F400006E
:1098500030B106F0804018B12046FFF738FDDFE553
:1098600005F0807030B106F0004018B12046FFF7D7
:10987000CFFCD5E500BFD3E510B504460CB90120F7
:1098800010BDA06900B100E000BFD4F8880028B97D
:10989000002084F88400204600F02AF82420C4F830
:1098A00088002068006820F00100216808602046D8
:1098B00002F088FE012800D1E2E7A06A10B120463C
:1098C00002F04CF92068406820F49040216848601C
:1098D0002068806820F02A0021688860206800687D
:1098E00040F0010021680860204602F0B3F9C7E7A4
:1098F00010B5B6B00446142130A8F6F7BDFDB82166
:1099000002A8F6F7B9FDFE492068884259D1022124
:109910000020CDE902101F9002A8FCF713FE08B149
:10992000F7F781F900BFF748006840F48010F54967
:1099300008600846006800F48010019000BF00BF76
:1099400000BFF0480838006840F00400ED490839CD
:1099500008600846006800F00400019000BF00BFE6
:1099600000BF0846006840F008000860084600682C
:1099700000F00800019000BF00BF4FF4805030900D
:10998000022031900020329033900820349030A98A
:10999000DD48FAF787FC0420309002203190002047
:1099A000329033900820349030A9D848FAF77AFCE6
:1099B000002205213520FAF729FF3520FAF712FF9A
:1099C00050E2D3492068884237D102210020CDE9F6
:1099D00002101F9002A8FCF7B5FD08B1F7F723F9B4
:1099E00000BFC848006840F08040C649086008468B
:1099F000006800F08040019000BF00BF00BFC14878
:109A00000838006840F01000BE4908390860084670
:109A1000006800F01000019000BF00BF4FF4C0705C
:109A20003090022031900020329033900720349003
:109A300030A9B848FAF736FC14E2B74920688842E2
:109A400039D101210020CDE90210209002A8FCF7B5
:109A500079FD08B1F7F7E7F800BFAA4808300068B9
:109A600040F04000A749083108600846006800F04F
:109A70004000019000BF00BF00BFA2480838006846
:109A800040F008009F49083908600846006800F067
:109A90000800019000BF00BF4FF44040309002200A
:109AA00031900020329033900B20349030A99748A9
:109AB000FAF7F8FBD6E199492068884242D10120A3
:109AC0000021CDE902010020209002A8FCF73AFD18
:109AD00008B1F7F7A8F800BF8A480830006840F0DE
:109AE00010008849083108600846006800F010003E
:109AF000019000BF00BF00BF82480838006840F0F6
:109B000001008049083908600846006800F001003B
:109B1000019000BF00BF4FF4C06030900220319030
:109B20000020329033900720349030A97C48FAF717
:109B3000B9FB002205212520FAF768FE2520FAF757
:109B400051FE8FE17749206888427DD102200021B3
:109B5000CDE9020100201F9002A8FCF7F3FC08B138
:109B6000F7F761F800BF6748006840F400306549C6
:109B700008600846006800F40030019000BF00BF94
:109B800000BF60480838006840F008005D490839A7
:109B900008600846006800F00800019000BF00BFA0
:109BA00070203090022031900020329033900720B6
:109BB000349030A95548FAF775FB5B485B4908605B
:109BC0002B204860002159488160C1604FF48061BA
:109BD0000161002141618161C1614FF48031016205
:109BE00000214162F8F7A6FF08B1F7F71CF800BFA3
:109BF0004E48C4F88000846300BF4B4818304C497D
:109C000008602C2048604021494881600021C160E3
:109C10004FF480610161002141618161C1614FF4B4
:109C20008031016200214162F8F784FF08B1F6F744
:109C3000FAFF00BF3E48E067846300BF00220521B1
:109C40002620FAF7E3FD00E003E02620FAF7CAFD3C
:109C500008E138492068884270D102210020CDE90E
:109C600002101F9002A8FCF76DFC08B1F6F7DBFFAD
:109C700000BF2448006840F480202249086008465C
:109C8000006800F48020019000BF00BF00BF1D48A5
:109C90000838006840F002001A4908390860084690
:109CA000006800F00200019000BF00BF00BF08463E
:109CB000006840F0080008600846006800F00800EE
:109CC000019000BF00BF4FF48040309002203190DF
:109CD0000020329033900720349030A91648FAF7CC
:109CE000E1FA4FF440703090022031900020329021
:109CF00033900720349030A90448FAF7D3FA1EE0D5
:109D000000500040E844025800080258000C025875
:109D10000078004000100258001801400010014077
:109D2000000002580044004040000240185A00243D
:109D3000905A002400480040000402584AE04A4873
:109D400030304A4908602D20486000214748816032
:109D5000C1604FF480610161002141618161C16195
:109D60004FF48031016200214162F8F7E3FE08B14F
:109D7000F6F759FF00BF3D48C4F88000846300BF78
:109D8000394848303A4908602E2048604021384818
:109D900081600021C1604FF4806101610021416157
:109DA0008161C1614FF48031016200214162F8F7A5
:109DB000C1FE08B1F6F737FF00BF2D48E0678463A6
:109DC00000BF002205212720FAF720FD2720FAF7FF
:109DD00009FD47E027492068884243D1012000213E
:109DE000CDE902010020209002A8FCF7ABFB08B1EE
:109DF000F6F719FF00BF2048006840F080001E49B8
:109E000008600846006800F08000019000BF00BFB5
:109E100000BF19481038006840F01000164910398A
:109E200008600846006800F01000019000BF00BF05
:109E30000420309002203190002032903390042092
:109E4000349030A90D48FAF72DFA082030900220FE
:109E500031900020329033900B20349030A9074885
:109E6000FAF720FA36B010BD40000240085B00242B
:109E7000805B0024001C0140F0440258001002588E
:109E800070B504460D461646D4F88C00202821D122
:109E900005B10EB9012070BD0020E0660E492068B2
:109EA000884211D02068406800F4000060B100BF13
:109EB00000BF216851E8001F41F08060226842E83D
:109EC00000010029F5D100BF32462946204602F0A4
:109ED000F1FEE0E70220DEE7000C005810B5044672
:109EE000084884420DD108480068401C06490860B3
:109EF0000648007806F060FA012204490148FFF79D
:109F0000BFFF10BD0C560024CC000024C800002464
:109F100070472DE9F84F04460E4617469946D4F887
:109F20008800202854D106B117B90120BDE8F88F68
:109F300000205434E06321206063FAF7B1FA8246CE
:109F400027806780543CA068B0F5805F04D1206909
:109F500010B90025B04602E035464FF0000820E079
:109F60005346002280212046CDF8009002F050FF99
:109F700020B12020C4F888000320D7E745B9B8F8FD
:109F80000000C0F308002168886208F1020803E0BD
:109F90002878216888626D1CB4F85600401EA4F829
:109FA0005600B4F856000028DAD15346002240216A
:109FB0002046CDF8009002F02BFF20B12020C4F8FD
:109FC00088000320B2E72020C4F888000020ADE715
:109FD0000220ABE770B504460E461546D4F888005B
:109FE00020283FD106B10DB9012070BD44F8506F53
:109FF000A580E580002020642120A063E06A503C19
:10A00000E0B11948E16FC8631848E16F0864184867
:10A01000E16FC8640020E16F0865236803F128023E
:10A020002B46216DE06FF9F70FF838B11020C4F816
:10A0300090002020C4F888000120D6E74020216845
:10A04000086200BF00BF2168083151E8001F41F0DD
:10A0500080002168083141E80002002AF3D100BFE6
:10A060000020C2E70220C0E789BE0008DDBE00086C
:10A0700057BD00087047704700BFFEE730B50B467C
:10A08000002100BF16E00A24B4EB107F05D930246C
:10A0900004EB107403F8114005E0412404EB107444
:10A0A0000A3C03F81140000100254C00641C1D55BA
:10A0B0004C1CE1B29142E6DB30BD000010B50B480C
:10A0C0000B49086000204860002109488160C16098
:10A0D000016141618161016241628162C16201632A
:10A0E000F7F76EFA08B1F6F79EFD10BD00000248C2
:10A0F0004850002408B500BF1E48006840F0010029
:10A100001C4908600846006800F00100009000BF8C
:10A1100000BF002205210B20FAF778FB0B20FAF78D
:10A1200061FB002205210C20FAF770FB0C20FAF7E6
:10A1300059FB002205210D20FAF768FB0D20FAF7E4
:10A1400051FB002205210E20FAF760FB0E20FAF7E2
:10A1500049FB002205210F20FAF758FB0F20FAF7E0
:10A1600041FB002205211020FAF750FB1020FAF7DE
:10A1700039FB08BDD844025810B51E481E49086076
:10A180000020886000211C48C160017441740121D5
:10A19000817404214161012181611321C161052183
:10A1A000016204214162012181621321C162052102
:10A1B00001630021416305218163C16304210164BE
:10A1C00008214164002181640821C16400210165E6
:10A1D0000421416500218165C165082101660021D6
:10A1E000416608218166F9F727FD08B1F6F71BFDE6
:10A1F00010BD000000A000409850002410B51D487C
:10A200001D4908600020886000211B48C16001745E
:10A2100041740121817405214161012181610E2177
:10A22000C161052101624162012181620E21C16289
:10A230000521016340F25631416305218163C16309
:10A24000002101640421416481640821C16400216A
:10A2500001650421416500218165C1650421016614
:10A260000021416606218166F9F7E6FC08B1F6F7A0
:10A27000DAFC10BD00A400403851002410B5194884
:10A28000194908600020886000211748C1600174E6
:10A290004174817410214161012181610221C161F8
:10A2A0000162012141628162C16201630021416357
:10A2B0008163C1630164042141640021816404213C
:10A2C000C164002101650421416500218165C165EA
:10A2D0000166416604218166F9F7AEFC08B1F6F724
:10A2E000A2FC10BD00D40040D851002410B5194A7A
:10A2F0000021194806F0F4FB18490860184A0021AB
:10A30000184806F0EDFB18490860184A0021184863
:10A3100006F0E6FB17490860174A0021174806F0C7
:10A32000DFFB17490860174A0021174806F0D8FBE1
:10A3300016490860164A0021164806F0D1FB164956
:10A340000860164A0021164806F0CAFB1549086045
:10A3500010BD0000202B01084FB40008800000242D
:10A36000442B01080507010884000024B02B0108D4
:10A37000D501010890000024D42B0108D5FF000866
:10A3800094000024F82B010899010108980000248A
:10A390001C2C0108510601089C000024402C0108D7
:10A3A000A5150008A000002400B587B0142102A85C
:10A3B000F6F762F800BF9148006840F010008F493E
:10A3C00008600846006800F01000019000BF00BF60
:10A3D00000BF0846006840F00400086008460068B6
:10A3E00000F00400019000BF00BF00BF08460068F5
:10A3F00040F0800008600846006800F0800001908E
:10A4000000BF00BF00BF0846006840F001000860C0
:10A410000846006800F00100019000BF00BF00BFC7
:10A420000846006840F0020008600846006800F036
:10A430000200019000BF00BF00BF0846006840F066
:10A44000080008600846006800F00800019000BF9E
:10A4500000BF002246F229016948FAF71BF80122E1
:10A46000D1036748FAF716F800224FF40041654817
:10A47000FAF710F800224FF480516348FAF70AF80F
:10A4800000224FF480616148FAF704F84EF2290087
:10A4900002900120039000200490059002A95848E2
:10A4A000F9F700FF20200290032003900020049081
:10A4B00002A95748F9F7F6FE802002900220039087
:10A4C0000020049005900820069002A95048F9F752
:10A4D000E9FE10200290032003900020049002A9BE
:10A4E0004748F9F7DFFE4FF4A05002904FF4881070
:10A4F00003900020049002A94248F9F7D3FE4FF4DC
:10A5000080400290022003900020049005900520D6
:10A51000069002A93B48F9F7C5FE4FF400400290AF
:10A520000120039000200490059002A93548F9F716
:10A53000B9FE4FF440600290122003900020049076
:10A5400005900420069002A92F48F9F7ABFE4FF4BE
:10A55000805002900120039000200490059002A9F1
:10A560002948F9F79FFE4FF4004002900220039023
:10A570000020049005900220069002A92248F9F7D5
:10A5800091FE4FF48060029001200390002004901F
:10A59000059002A91D48F9F785FE4FF480700290DE
:10A5A00002200390002004900590069002A918480C
:10A5B000F9F778FE4FF4004002904FF40410039036
:10A5C0000120049002A91248F9F76CFE03200290C2
:10A5D000022003900020049005900820069002A914
:10A5E0000848F9F75FFE002205212820FAF70EF946
:10A5F0002820FAF7F7F807B000BD0000E044025841
:10A60000000802580010025800040258000C0258BA
:10A610000000025810B512481249086012484860FC
:10A620000021104881600121C16000210161416168
:10A630008161C1610162F9F7A3FF08B1F6F7F3FA8E
:10A6400000210848F9F732FF08B1F6F7ECFA0021CB
:10A650000448F9F760FF08B1F6F7E5FA10BD00000D
:10A660000054004078520024F6A3A02000B587B023
:10A67000182101A8F5F700FF1848194908600120C2
:10A680004860002116488160C160202101610121DC
:10A69000416100218161C1610162012141620021AA
:10A6A0008162C16201630821416300218163C1634A
:10A6B000FAF77AFC08B1F6F7B6FA01200190039098
:10A6C0004FF00110049041F2883201A90448FAF7D2
:10A6D000EFF808B1F6F7A7FA07B000BD0050005236
:10A6E000CC52002410B51548154908604FF480007D
:10A6F00048600021124881600321C160002101618E
:10A7000041614FF0806181610021C161016241625C
:10A710008162C1624FF08041416300218163C16366
:10A72000016441648164C164016541658165FDF72F
:10A7300001FE08B1F6F777FA10BD000000300140C5
:10A740002853002410B51648164908604FF48000BD
:10A7500048600021134881600721C1604FF00071FB
:10A7600001614910416189008161C900C161002115
:10A77000016241628162C1624FF080414163002108
:10A780008163C163016441648164C16401654165A1
:10A790008165FDF7CFFD08B1F6F745FA10BD000061
:10A7A00000380040B053002400B597B0002014904A
:10A7B000159016901C210DA8F5F75EFE3421684611
:10A7C000F5F75AFE26482749086000204860002116
:10A7D000244881604FF6FF71C16000210161416131
:10A7E0008161FEF700FC08B1F6F71DFA0020149015
:10A7F0001590169014A91B48FEF71EF808B1F6F73D
:10A8000012FA60200D9000200E900F901090119081
:10A810001290139000220DA91248FEF72CFB08B1EC
:10A82000F6F701FA00200090019002900390049046
:10A830004FF4005005900020069008904FF00070F3
:10A84000099000200A900C9069460648FDF780FFA9
:10A8500008B1F6F7E8F90348FEF7BAFA17B000BDF9
:10A86000000001402855002400B587B00020039067
:10A870000490059006900090019002904FF0804067
:10A8800013490860F920486000211148816040F2B6
:10A89000E731C160002101618161FEF73FF808B135
:10A8A000F6F7C1F94FF48050039003A90848FEF76A
:10A8B00017F908B1F6F7B7F9002000900290694641
:10A8C0000348FDF7B9FF08B1F6F7ADF907B000BDD1
:10A8D0007455002400B58BB00020089009900A90B0
:10A8E0001C2101A8F5F7C8FD174818490860002089
:10A8F00048600021154881604FF6FF71C16000215A
:10A9000001618161FEF76FFB08B1F6F78CF9002059
:10A9100008900A9008A90D48FDF78EFF08B1F6F7D8
:10A9200082F96020019000200290039005900C2293
:10A9300001A90648FEF79FFA08B1F6F774F9034833
:10A94000FEF746FA0BB000BD00040040C0550024DD
:10A9500010B5194819490860194848604FF48051EA
:10A96000164881604900C160C91001610C21416134
:10A9700000218161C1610162416200200F4988624A
:10A980000846FEF779FF08B1F6F74DF900210B48AC
:10A99000FEF76EFC08B1F6F746F900210748FEF70E
:10A9A00038FC08B1F6F73FF90448FEF7ACFB08B1F4
:10A9B000F6F739F910BD0000005000400C56002495
:10A9C000A086010010B51848184908604FF4E1301E
:10A9D0004860002115488160C16001610C2141611E
:10A9E00000218161C1610162416200200F498862DA
:10A9F0000846FEF741FF08B1F6F715F900210B48AC
:10AA0000FEF736FC08B1F6F70EF900210748FEF70D
:10AA100000FC08B1F6F707F90448FEF774FB08B12B
:10AA2000F6F701F910BD000000780040A0560024A0
:10AA300010B51848184908604FF4E130486000210B
:10AA400015488160C16001610C2141610021816173
:10AA5000C1610162416200200F4988620846FEF729
:10AA60000BFF08B1F6F7DFF800210B48FEF700FCFA
:10AA700008B1F6F7D8F800210748FEF7CAFB08B17D
:10AA8000F6F7D1F80448FEF73EFB08B1F6F7CBF82D
:10AA900010BD0000001801403457002410B51848BC
:10AAA000184908604FF4E130486000211548816082
:10AAB000C16001610C21416100218161C1610162BC
:10AAC000416200200F4988620846FEF7D5FE08B1B2
:10AAD000F6F7A9F800210B48FEF7CAFB08B1F6F714
:10AAE000A2F800210748FEF794FB08B1F6F79BF89F
:10AAF0000448FEF708FB08B1F6F795F810BD000012
:10AB0000001C01408459002410B5184818490860F9
:10AB10004FF4E1304860002115488160C160016157
:10AB20000C21416100218161C1610162416200200B
:10AB30000F4988620846FEF79FFE08B1F6F773F8E2
:10AB400000210B48FEF794FB08B1F6F76CF80021E2
:10AB50000748FEF75EFB08B1F6F765F80448FEF714
:10AB6000D2FA08B1F6F75FF810BD000000100140FE
:10AB7000C857002410B51948194908601948486099
:10AB8000002117488160C16001610C2141610021F1
:10AB90008161C16101624162002011498862002324
:10ABA0001A4619460E48FDF72DFA08B1F6F73BF89C
:10ABB00000210B48FEF75CFB08B1F6F734F80021E2
:10ABC0000748FEF726FB08B1F6F72DF80448FEF714
:10ABD0009AFA08B1F6F727F810BD000000440040CB
:10ABE0005C580024A025260010B5194819490860B2
:10ABF00019484860002117488160C16001610C213B
:10AC0000416100218161C1610162416200201149FD
:10AC1000886200231A4619460E48FDF7F3F908B179
:10AC2000F6F701F800210B48FEF722FB08B1F5F713
:10AC3000FAFF00210748FEF7ECFA08B1F5F7F3FF39
:10AC40000448FEF760FA08B1F5F7EDFF10BD00000B
:10AC500000480040F0580024A025260010B501222D
:10AC60000E490F4802F0D2FF08B1F5F7DCFF0D499D
:10AC70000B4803F009FB08B1F5F7D5FF0A4908486E
:10AC800002F0BCFB08B1F5F7CEFF054803F0FEFB70
:10AC900008B1F5F7C8FFFBF709FA10BDC0010024A1
:10ACA00048600024440200242002002400BFFEE784
:10ACB00000BFFEE7F0B505460020002415B1022DC7
:10ACC00000D809B9012064E000260E604E608E6055
:10ACD000CE600E61022D08D12E4E366806F00106B8
:10ACE0000EB92D4C01E04FF4007400234FE0294EC3
:10ACF000361D56F8232002F001063EB102F002068E
:10AD000004F00207BE4201D15E1C0E6002F0100684
:10AD10003EB102F0200604F02007BE4201D15E1CC5
:10AD20004E6002F480763EB102F4007604F40077BF
:10AD3000BE4201D15E1C8E6002F480368EB102F4F8
:10AD4000802604F48027BE420BD102F4003626B9D7
:10AD50005E1C46F48036CE6003E05E1C46F08076D2
:10AD6000CE6002F080768EB102F0806604F08067DB
:10AD7000BE420BD102F0007626B95E1C46F4803646
:10AD80000E6103E05E1C46F080760E615B1C022BB8
:10AD9000ADD3F0BD00B40052220204042DE9F0410D
:10ADA00004460E4617469846069D12E0681C80B180
:10ADB000F9F776FBA0EB0800A84200D84DB94FF494
:10ADC00000702065606D40F0010060650120BDE805
:10ADD000F0812068006A304008B1012000E00020C6
:10ADE000B842E3D10020F2E710B50248FAF71AFCA6
:10ADF00010BD0000247500242DE9F04704460D46DF
:10AE000026683746D6F8408007F5306000EB4510DD
:10AE1000D0F80890104880450BD909F40040B0F5EF
:10AE2000004F06D14FF4004107F5306000EB4510AC
:10AE300081602046FBF7C1F80748804508D9E068E3
:10AE4000012805D104F2C4420121206804F070FAFF
:10AE50000020BDE8F08700000A30544F2DE9F0478C
:10AE600005460C46D5F800904E46D9F840A006F5A8
:10AE7000306000EB4410D0F80880E868012855D114
:10AE800008F0080008280FD1434882450BD908F480
:10AE90000040B0F5004F7BD14FF4004106F5306023
:10AEA00000EB4410816073E008F02000202806D1F8
:10AEB000202106F5306000EB4410816068E008F066
:10AEC0002800002864D1344882450CD908F4004099
:10AED000B0F5004F07D14FF4004106F5306000EBAC
:10AEE0004410816054E004EBC40105F51F7000EBD1
:10AEF000810706F5306000EB4410396A0069C0F341
:10AF00001200081A786164B9386930B905F2C44290
:10AF10000121286804F00CFA03E07969F868084414
:10AF2000F860E1B22846FAF7F5F931E01B488245AE
:10AF30001BD108F40040B0F5004F07D14FF4004199
:10AF400006F5306000EB4410816021E008F020003D
:10AF5000202805D1202106F5306000EB44108160E7
:10AF6000E1B22846FAF7D6F912E06CB904EBC40155
:10AF700005F51F7000EB8100006928B905F2C44295
:10AF80000021286804F0D4F9E1B22846FAF7C2F9A2
:10AF90000020BDE8F08700000A30544F0A31544FBA
:10AFA0002DE9F84F07460E46D7F80090C84606EB45
:10AFB000C60107F13C0000EB8104D4E9041088428B
:10AFC00002D90120BDE8F88FD4E90401451AA06830
:10AFD000A84200D2A568E81C4FEA900A17E0D4E91D
:10AFE0000401451AA068A84200D2A568E81C4FEAEF
:10AFF000900A387BABB2F2B200904846E16804F0A8
:10B00000F4FFE0682844E06060692844606108F566
:10B01000106000EB4610806980B2504506D3D4E939
:10B020000410884202D220690028D8D1D4E9040152
:10B0300088420ED806F00F01012000FA01FB40F60D
:10B04000340050F8080020EA0B0040F6340141F8C3
:10B0500008000020B6E700002DE9F04104460E4646
:10B0600000275548006800F00300032802D10120A2
:10B07000BDE8F08150482838006820F080604E49D3
:10B0800028390860F9F70CFA054606E0F9F708FADE
:10B09000401B022801D90320EAE747482838006806
:10B0A000C0F3C0600028F1D100BF4348006820F41D
:10B0B0007C30216840EA01303F490860A088401E8A
:10B0C000C0F30800A168491E4FF47E4202EA412104
:10B0D0000843A189491ED20102EA01410843217CAB
:10B0E000491E120202EA0161084333491031086027
:10B0F00000BF3148001D006820F0C00061690843AE
:10B100002D49091D08600846006820F02000A1694B
:10B1100008432949091D08600846006820F010000E
:10B1200008602548143000684FF6F8718843E169DB
:10B1300040EAC1002049143108601F48001D006822
:10B1400040F010001C49091D08602EB9084600682F
:10B1500040F40020086012E0012E08D11648001DBE
:10B16000006840F480101449091D086007E0124887
:10B17000001D006840F400100F49091D08600E48CA
:10B180002838006840F080600B4928390860F9F7DA
:10B1900087F9054606E0F9F783F9401B022801D933
:10B1A000032065E7044828380068C0F3C060002821
:10B1B000F1D038465CE70000284402582DE9F04100
:10B1C00004460E4600275548006800F00300032897
:10B1D00002D10120BDE8F08150482838006820F0F5
:10B1E00080504E4928390860F9F75AF9054606E0BB
:10B1F000F9F756F9401B022801D90320EAE747482E
:10B2000028380068C0F340700028F1D100BF4348DF
:10B21000006820F07C70218840EA01503F490860B6
:10B22000A088401EC0F30800A168491E4FF47E426A
:10B2300002EA41210843A189491ED20102EA0141E3
:10B240000843217C491E120202EA01610843334986
:10B250001831086000BF3148001D006820F44060CC
:10B26000616908432D49091D08600846006820F4FB
:10B270000070A16908432949091D08600846006853
:10B2800020F48070086025481C3000684FF6F87183
:10B290008843E16940EAC10020491C3108601F4829
:10B2A000001D006840F480701C49091D08602EB91B
:10B2B0000846006840F48000086012E0012E08D1C2
:10B2C0001648001D006840F400001449091D08607C
:10B2D00007E01248001D006840F080700F49091D0A
:10B2E00008600E482838006840F080500B49283923
:10B2F0000860F9F7D5F8054606E0F9F7D1F8401BE4
:10B30000022801D9032065E7044828380068C0F303
:10B3100040700028F1D038465CE70000284402580D
:10B3200010B50248FCF7BCFE10BD0000B05300246D
:10B33000026851690268926942F0080203689A61E2
:10B340000268926942F0100203689A61026812680A
:10B3500022F0010203681A600268126940F26F333A
:10B360009A4303681A610268926822F440420368B3
:10B370009A6090F88120042A0ED001F020025AB180
:10B38000D0F8842042F08002C0F8842002689269DC
:10B3900042F0200203689A6190F88120032A0ED0BF
:10B3A00001F040025AB1D0F8842042F00402C0F803
:10B3B00084200268926942F0400203689A6101F4B5
:10B3C00000725AB1D0F8842042F00102C0F8842003
:10B3D0000268926942F4007203689A6101F4807213
:10B3E0005AB1D0F8842042F00802C0F884200268E4
:10B3F000926942F4807203689A610022A0F8622088
:10B40000A0F86A20704770B50546AC6B0020623426
:10B41000208120800120E077623C2046FCF73EFE40
:10B4200070BD10B501460124C86B04EB5013C86809
:10B43000421CD01DC20802FB03F010BD30B501460E
:10B440000A461378521C147843EA042030BDFFF7F3
:10B4500005FC00BF012005F0EDFAFBE710B5F9F798
:10B4600041F907F007F9012801D006F051FD10BDA0
:10B4700000B59DB04C210AA8F4F7FEFF202102A8D8
:10B48000F4F7FAFF0220FAF7E1FD00BF0020019077
:10B490002948006820F440402749086008460068B1
:10B4A00000F44040019000BF00BF00BF2248006888
:10B4B00000F40050B0F5005FF8D121200A904FF45D
:10B4C00080300B90012010900220139002211491E3
:10B4D000032115913E211691012117910521189103
:10B4E000022119910C211A9100211B91C1021C917A
:10B4F0000AA8FCF7D9F908B1F5F795FB3F200290AF
:10B50000032003900020049008200590402006901E
:10B5100007900001089040200990032102A8FBF742
:10B5200075FE08B1F5F77FFB4FF480225101002032
:10B53000FCF75CF91DB000BD184802582F480068A0
:10B5400040F470002D4908602D48006800F00F009D
:10B55000072806D22A48006820F00F00C01D28499D
:10B5600008602848006840F0010026490860002073
:10B5700024491031086023480068234908402149C4
:10B5800008601F48006800F00F00072806D91C4813
:10B59000006820F00F00C01D1949086000201949FB
:10B5A00018310860091D0860091D08601748154911
:10B5B000283108601648091D08601648091D0860F2
:10B5C0000020091D08601348091D08600020091D9E
:10B5D00008601048091D08600020091D086009481E
:10B5E000006820F480200749086000200549603188
:10B5F000086043F2D20008490860704788ED00E017
:10B6000000200052004402587FEDF6EA00020202D8
:10B610000000FF01800201010040005210B5024805
:10B62000FDF7F9FA10BD00007455002410B502684A
:10B630002C4B98420ED0B0F1804F0BD02A4B984241
:10B6400008D02A4B984205D0294B984202D0294B6A
:10B65000984203D122F070024B681A43214B984262
:10B660001DD0B0F1804F1AD01F4B984217D01F4BFE
:10B67000984214D01E4B984211D01E4B98420ED0C7
:10B680001D4B98420BD01D4B984208D01C4B984242
:10B6900005D01C4B984202D01B4B984203D122F498
:10B6A0004072CB681A4322F080034C6943EA0402DB
:10B6B00002608B68C3620B6883620A4B98420BD0AE
:10B6C0000C4B984208D00C4B984205D00B4B98423B
:10B6D00002D00B4B984201D10B69036301234361F4
:10B6E00010BD0000000001400004004000080040C0
:10B6F000000C0040000401400040014000440140B3
:10B700000048014000E0004000E4004030B50C4635
:10B71000816821F47F4142EA032525432943816062
:10B7200030BD00000A468168034B194042F0070310
:10B7300019438160704700008FFFCFFF30B5056A65
:10B7400025F001050562026A43688469204D2C409A
:10B7500024F003040D682C4322F002028D682A4372
:10B760001C4DA84200D10FE01B4DA84200D10BE0B8
:10B770001A4DA84200D107E0194DA84200D103E0BC
:10B78000184DA84206D100BF22F00802CD682A4316
:10B7900022F004020F4DA8420BD00F4DA84208D052
:10B7A0000E4DA84205D00E4DA84202D00D4DA84224
:10B7B00007D123F4807323F400734D692B438D6903
:10B7C0002B43436084614D684563026230BD0000D5
:10B7D0008FFFFEFF000001400004014000400140D7
:10B7E000004401400048014030B5056A25F01005CD
:10B7F0000562026A43688469224D2C4024F4407437
:10B800000D6844EA052422F020028D6842EA051200
:10B810001D4DA84200D10FE01C4DA84200D10BE005
:10B820001B4DA84200D100BF1A4DA84200D100BF55
:10B83000194DA84207D106E022F08002CD6842EA05
:10B84000051222F04002104DA8420BD00F4DA84225
:10B8500008D00F4DA84205D00E4DA84202D00E4D83
:10B86000A84209D123F4806323F400634D6943EABD
:10B8700085038D6943EA8503436084614D68856370
:10B88000026230BDFF8FFFFE000001400004014056
:10B8900000400140004401400048014030B5056AC5
:10B8A00025F480750562026A4368C469224D2C4004
:10B8B00024F003040D682C4322F400728D6842EAE0
:10B8C00005221E4DA84200D10FE01D4DA84200D117
:10B8D0000BE01C4DA84200D100BF1B4DA84200D177
:10B8E00000BF1A4DA84207D106E022F40062CD68DD
:10B8F00042EA052222F48062104DA8420BD0104D7E
:10B90000A84208D00F4DA84205D00F4DA84202D042
:10B910000E4DA84209D123F4805323F400534D69FE
:10B9200043EA05138D6943EA05134360C4614D681A
:10B93000C563026230BD00008FFFFEFF00000140C2
:10B940000004014000400140004401400048014023
:10B9500030B5056A25F480550562036A4468C269FA
:10B96000124D2A4022F440720D6842EA052223F467
:10B9700000538D6843EA05330D4DA8420BD00D4DA1
:10B98000A84208D00C4DA84205D00C4DA84202D0C8
:10B990000B4DA84204D124F480444D6944EA851437
:10B9A0004460C2614D680564036230BDFF8FFFFED5
:10B9B00000000140000401400040014000440140FB
:10B9C0000048014030B5056A25F480350562026AF9
:10B9D0004368446D114D2C400D682C4322F4003215
:10B9E0000D8942EA05420E4DA8420BD00D4DA842EA
:10B9F00008D00D4DA84205D00C4DA84202D00C4DE8
:10BA0000A84204D123F480334D6943EA05234360FF
:10BA100044654D688565026230BD00008FFFFEFF02
:10BA2000000001400004014000400140004401408A
:10BA30000048014030B5056A25F480150562026AA8
:10BA40004368446D114D2C400D6844EA052422F4EE
:10BA500000120D8942EA05520D4DA8420BD00D4D42
:10BA6000A84208D00C4DA84205D00C4DA84202D0E7
:10BA70000B4DA84204D123F480234D6943EA85236A
:10BA8000436044654D68C565026230BDFF8FFFFEAF
:10BA9000000001400004014000400140004401401A
:10BAA0000048014030B50B461446026A056A25F08D
:10BAB00001050562816921F0F00141EA041122F0DB
:10BAC0000A021A438161026230BD30B50B4614464A
:10BAD000056A25F0100505628169026A21F470414A
:10BAE00041EA043122F0A00242EA031281610262BB
:10BAF00030BD000010B50248FDF774FC10BD000019
:10BB00000C56002470B5456E2DB90125A0F86A5079
:10BB1000A0F868501CE0102310240568AD68C5F338
:10BB200042610568AD686A0F0A4DAD5C15FB04F50E
:10BB3000094EB65C95FBF6F5A0F86A50054D6D5CB4
:10BB400015FB03F5044E765C95FBF6F5A0F86850FE
:10BB500070BD0000E02C0108E82C010890F82810C6
:10BB600001F0010139B10168496821F40031C26A6C
:10BB700011430268516090F8281001F00201022977
:10BB800007D10168496821F48031026B11430268D2
:10BB9000516090F8281001F00401042907D10168D0
:10BBA000496821F48021426B11430268516090F88A
:10BBB000281001F00801082907D10168496821F41B
:10BBC0000041826B11430268516090F8281001F027
:10BBD0001001102907D10168896821F48051C26BD6
:10BBE00011430268916090F8281001F0200120298B
:10BBF00007D10168896821F40051026C1143026881
:10BC0000916090F8281001F04001402913D101689B
:10BC1000496821F48011426C114302685160416C03
:10BC2000B1F5801F07D10168496821F4C001826C19
:10BC300011430268516090F8281001F080018029BA
:10BC400007D10168496821F40021C26C11430268E0
:10BC50005160704738B504460020C4F89000F8F7EA
:10BC60001FFC05462068006800F00800082821D164
:10BC70006FF07E402B4600224FF4001100902046CA
:10BC800001F0C6F8B0B100BF00BF216851E8001F45
:10BC900021F08000226842E800010029F5D100BFB0
:10BCA0002020C4F8880000BF002084F8840000BF72
:10BCB000032038BD2068006800F00400042830D15B
:10BCC0006FF07E402B4600224FF48001009020460A
:10BCD00001F09EF828B300BF00BF216851E8001FA3
:10BCE00021F49070226842E800010029F5D100BFDC
:10BCF00000BF00BF2168083151E8001F21F001009A
:10BD00002168083141E80002002AF3D100BF202059
:10BD1000C4F88C0000BF002084F8840000BF03201A
:10BD2000C7E72020C4F88800C4F88C000020E06633
:10BD3000206700BF84F8840000BF00BFB9E770B57A
:10BD40000546AC6B0020A4F85E00A4F8560020461F
:10BD5000FDF730FB70BD2DE9F0410546AC6BD4F822
:10BD60008860D4F88C702068806800F0800080289B
:10BD700007D1212E05D10020A4F85600204600F05E
:10BD800003F92068806800F04000402807D1222F86
:10BD900005D10020A4F85E00204600F0A7F8D4F8F2
:10BDA000900040F01000C4F890002046FDF702FB20
:10BDB000BDE8F08170B50546AC6BE869B0F5807FF1
:10BDC00040D00020A4F85E0000BF00BF216851E809
:10BDD000001F21F48070226842E800010029F5D19B
:10BDE00000BF00BF00BF2168083151E8001F21F0EB
:10BDF00001002168083141E80002002AF3D100BFA8
:10BE000000BF00BF2168083151E8001F21F0400049
:10BE10002168083141E80002002AF3D100BF202048
:10BE2000C4F88C00E06E01280CD100BF00BF21686F
:10BE300051E8001F21F01000226842E800010029AB
:10BE4000F5D100BF00202067E06E012805D1B4F8CD
:10BE50005C102046FDF7B0F902E02046FEF73EF800
:10BE600070BD70B50546AC6B01202067E06E0128FF
:10BE700006D1B4F85C0041082046FDF79DF902E0C8
:10BE80002046FEF745F870BD70B50546AC6BE86915
:10BE9000B0F5807F1ED00020A4F8560000BF00BF80
:10BEA0002168083151E8001F21F080002168083125
:10BEB00041E80002002AF3D100BF00BF00BF2168A3
:10BEC00051E8001F41F04000226842E800010029CB
:10BED000F5D102E02046FEF7CDF870BD70B50446FE
:10BEE000A56B2846FEF7C7F870BD000000BF00BF75
:10BEF000026852E8002F22F49071036843E80012B0
:10BF0000002AF5D100BF00BF00BF0268083252E826
:10BF1000002F104B02EA03010268083242E80013C6
:10BF2000002BF2D100BFC16E01290CD100BF00BFB0
:10BF3000026852E8002F22F01001036843E8001263
:10BF4000002AF5D100BF2021C0F88C100021C16665
:10BF500041677047FEFFFFEF10B5044600BF00BF0A
:10BF6000216851E8001F21F04000226842E80001EA
:10BF70000029F5D100BF2020C4F888000020A06768
:10BF80002046FEF777F810BD00BF00BF026852E8F8
:10BF9000002F22F0C001036843E80012002AF5D107
:10BFA00000BF00BF00BF0268083252E8002F22F431
:10BFB00000010268083242E80013002BF3D100BFF1
:10BFC0002021C0F8881070472DE9F0410446B4F8EC
:10BFD0006070D4F88C0022286ED12068406A86B246
:10BFE000A56D06EA07002880A06D801CA065B4F846
:10BFF0005E00401EA4F85E00B4F85E00002861D127
:10C0000000BF00BF216851E8001F21F49070226832
:10C0100042E800010029F5D100BF00BF00BF216840
:10C02000083151E8001F21F001002168083141E882
:10C030000002002AF3D100BF2020C4F88C000020A9
:10C040006067206720492068884211D020684068D6
:10C0500000F4000060B100BF00BF216851E8001F7C
:10C0600021F08060226842E800010029F5D100BF7C
:10C07000E06E01281CD10020E06600BF00BF2168EF
:10C0800051E8001F21F01000226842E80001002959
:10C09000F5D100BF2068C069C0F3001010B11020B6
:10C0A00021680862B4F85C102046FDF785F809E0C5
:10C0B0002046FDF713FF05E02068806940F0080086
:10C0C00021688861BDE8F081000C00582DE9F84F27
:10C0D0000446B4F860B02068C56920680068009024
:10C0E0002068D0F808A0D4F88C0022287ED1B4F8BB
:10C0F0006890ADE02068406A1FFA80F8A76D08EAF2
:10C100000B003880A06D801CA065B4F85E00401E56
:10C11000A4F85E002068C56905F00700B0B305F01B
:10C12000010060B1009800F4807040B101202168E6
:10C130000862D4F8900040F00100C4F8900005F0C7
:10C14000020058B10AF0010040B1022021680862E3
:10C15000D4F8900040F00400C4F8900005F004000A
:10C1600058B10AF0010040B1042021680862D4F8F7
:10C17000900040F00200C4F89000D4F8900028B17C
:10C180002046FDF717F90020C4F89000B4F85E00CF
:10C1900000285DD100BF00BF216851E8001F21F4D5
:10C1A0008070226842E800010029F5D100BF00BF7D
:10C1B00000BF2168083151E8001F404A01EA02002F
:10C1C0002168083141E80002002AF2D100BF202096
:10C1D000C4F88C00002060672067394920688842D5
:10C1E00013D02068406800F4000000E05DE060B11A
:10C1F00000BF00BF216851E8001F21F08060226865
:10C2000042E800010029F5D100BFE06E01281CD1F1
:10C210000020E06600BF00BF216851E8001F21F048
:10C220001000226842E800010029F5D100BF206813
:10C23000C069C0F3001010B1102021680862B4F882
:10C240005C102046FCF7B8FF02E02046FDF746FEF2
:10C25000B9F1000F04D005F0200000287FF44AAFA8
:10C26000B4F85E6006B3B4F86800B04223DD00BFE6
:10C2700000BF2168083151E8001F21F0805021687B
:10C28000083141E80002002AF3D100BF0D48606781
:10C2900000BF00BF216851E8001F41F02000226864
:10C2A00042E800010029F5D105E02068806940F0EE
:10C2B000080021688861BDE8F88F0000FEFFFFEFED
:10C2C000000C0058C9BF000870B50446B4F860609F
:10C2D000D4F88C0022286FD12068406A85B2F0B271
:10C2E0002840A16D0870A06D401CA065B4F85E00E8
:10C2F000401EA4F85E00B4F85E00002862D100BFC2
:10C3000000BF216851E8001F21F49070226842E8C4
:10C3100000010029F5D100BF00BF00BF216808312E
:10C3200051E8001F21F001002168083141E80002B6
:10C33000002AF3D100BF2020C4F88C0000206067E1
:10C34000206721492068884211D02068406800F4A5
:10C35000000060B100BF00BF216851E8001F21F05C
:10C360008060226842E800010029F5D100BFE06E3C
:10C3700001281CD10020E06600BF00BF216851E801
:10C38000001F21F01000226842E800010029F5D1C9
:10C3900000BF2068C069C0F3001010B110202168F0
:10C3A0000862B4F85C102046FCF706FF0AE020465D
:10C3B000FDF794FD06E0FFE72068806940F0080083
:10C3C0002168886170BD0000000C00582DE9F05F05
:10C3D0000446B4F860A02068C5692068D0F800B0B1
:10C3E0002068D0F80890D4F88C0022287ED1B4F8C8
:10C3F0006880ACE02068406A87B20AF0FF003840ED
:10C40000A16D0870A06D401CA065B4F85E00401ED0
:10C41000A4F85E002068C56905F00700A8B305F020
:10C42000010058B10BF4807040B10120216808620E
:10C43000D4F8900040F00100C4F8900005F002002C
:10C4400058B109F0010040B1022021680862D4F817
:10C45000900040F00400C4F8900005F0040058B1CA
:10C4600009F0010040B1042021680862D4F890006E
:10C4700040F00200C4F89000D4F8900028B12046A3
:10C48000FCF798FF0020C4F89000B4F85E00002884
:10C490005DD100BF00BF216851E8001F21F480700A
:10C4A000226842E800010029F5D100BF00BF00BFAB
:10C4B0002168083151E8001F3F4A01EA0200216863
:10C4C000083141E80002002AF2D100BF2020C4F860
:10C4D0008C0000206067206738492068884213D0AC
:10C4E0002068406800F4000070B100E05CE000BF2C
:10C4F00000BF216851E8001F21F08060226842E8F7
:10C5000000010029F5D100BFE06E01281CD10020F8
:10C51000E06600BF00BF216851E8001F21F0100055
:10C52000226842E800010029F5D100BF2068C069F7
:10C53000C0F3001010B1102021680862B4F85C103C
:10C540002046FCF739FE02E02046FDF7C7FCB8F1B3
:10C55000000F04D005F0200000287FF44BAFB4F8A2
:10C560005E6006B3B4F86800B04223DD00BF00BFD0
:10C570002168083151E8001F21F0805021680831FE
:10C5800041E80002002AF3D100BF0D48606700BFF8
:10C5900000BF216851E8001F41F02000226842E8F6
:10C5A00000010029F5D105E02068806940F008000D
:10C5B00021688861BDE8F09FFEFFFFEF000C005886
:10C5C000C9C200082DE9F04F89B005460020089047
:10C5D000F8492868884200D100E000BF2969A868AE
:10C5E000084369690843E96940EA01082868006866
:10C5F000F149084040EA0800296808602868406856
:10C6000020F44050E968084329684860D5F818804C
:10C61000E8492868884202D0286A40EA0808286861
:10C620008068E649084040EA080029688860286870
:10C63000C06A20F00F00696A08432968C86200BF19
:10C64000DF492868884220D1DE48006800F03800C1
:10C65000182811D005DC48B1082809D0102811D1BC
:10C6600008E020280AD028280CD109E001240BE09A
:10C67000042409E0082407E0102405E0202403E056
:10C68000402401E0802400BF42E1CF49286888426D
:10C6900019D1CC48006800F00700062810D2DFE866
:10C6A00000F0030507090B0D00240BE0042409E04A
:10C6B000082407E0102405E0202403E0402401E0E2
:10C6C000802400BF24E1C1492868884219D1BD48AF
:10C6D000006800F00700062810D2DFE800F003052C
:10C6E00007090B0D00240BE0042409E0082407E0EF
:10C6F000102405E0202403E0402401E0802400BF52
:10C7000006E1B3492868884219D1AE48006800F0B4
:10C710000700062810D2DFE800F0030507090B0D1B
:10C7200000240BE0042409E0082407E0102405E0BD
:10C73000202403E0402401E0802400BFE8E0A54974
:10C740002868884219D19F48006800F00700062831
:10C7500010D2DFE800F0030507090B0D00240BE001
:10C76000042409E0082407E0102405E0202403E065
:10C77000402401E0802400BFCAE09749286888422D
:10C7800020D19048006800F03800182811D005DC4E
:10C7900048B1082809D0102811D108E020280AD073
:10C7A00028280CD109E001240BE0042409E0082426
:10C7B00007E0102405E0202403E0402401E0802469
:10C7C00000BFA5E085492868884219D17D480068E6
:10C7D00000F00700062810D2DFE800F00305070983
:10C7E0000B0D00240BE0042409E0082407E01024CA
:10C7F00005E0202403E0402401E0802400BF87E01E
:10C8000077492868884219D16E48006800F007000F
:10C81000062810D2DFE800F0030507090B0D0024FD
:10C820000BE0042409E0082407E0102405E020249C
:10C8300003E0402401E0802400BF69E069492868E2
:10C84000884220D15F48006800F03800182811D0D5
:10C8500005DC48B1082809D0102811D108E02028AB
:10C860000AD028280CD109E001240BE0042409E0B7
:10C87000082407E0102405E0202403E0402401E020
:10C88000802400BF44E058492868884220D14D48A0
:10C89000006800F03800182811D005DC48B10828DD
:10C8A00009D0102811D108E020280AD028280CD15E
:10C8B00009E001240BE0042409E0082407E0102427
:10C8C00005E0202403E0402401E0802400BF1FE0B5
:10C8D0003849286888421AD13A48001D006800F09B
:10C8E0000700062810D2DFE800F0030507090B0D4A
:10C8F00002240BE0042409E0082407E0102405E0EA
:10C90000202403E0402401E0802400BF00E08024D4
:10C9100000BF2849286888424BD1102C1AD006DC69
:10C92000022C09D0042C0BD0082C29D10DE0202C8E
:10C9300021D0402C24D120E0F9F7C2FB064623E0A9
:10C9400005A8F9F7CFFB069E1EE002A8F9F7E2FC66
:10C95000039E19E01B4854380068C0F3401040B1F2
:10C96000184854380068C0F3C101204820FA01F685
:10C9700000E01E4E08E01E4E06E04FF4004603E0C5
:10C9800000260120089000BF00BF002E10D01949DA
:10C99000686A31F81000B6FBF0F9686800EB4000F7
:10C9A000484503D868680003484525D2012008900F
:10C9B00007E153E0000C0058F369FFCFFFF4FF11CB
:10C9C0000010014054440258004400400048004018
:10C9D000004C00400050004000140140007800402E
:10C9E000007C004000180140001C01400090D00372
:10C9F00000093D00C82C01087849686A31F810C068
:10CA00006246002330461946F3F7DEFC4FF4807C83
:10CA100000220346A3FB0C0B01FB0CB103FB02132A
:10CA20006968490884461CEB010143EB0200CDE92B
:10CA30000010D5F804C06246002308460199F3F7B8
:10CA4000C3FC0746B7F5407F05D3B7F5801F02D278
:10CA50002868C760B5E001200890B2E0E869B0F549
:10CA6000004F5BD1082C1AD005DC5CB1012C0DD035
:10CA7000042C2DD10EE0102C16D0202C23D0402CCD
:10CA800026D122E0FAF778FD064625E0FAF786FD82
:10CA9000064621E005A8F9F725FB069E1CE002A842
:10CAA000F9F738FC039E17E04D480068C0F34010CA
:10CAB00038B14B480068C0F3C1014A4820FA01F67A
:10CAC00000E0484E08E0484E06E04FF4004603E020
:10CAD00000260120089000BF00BF7EB33F49686A6E
:10CAE00031F81000B6FBF0F04000696800EB51002F
:10CAF000B0FBF1F7102F0ED3B7F5803F0BD24FF6F6
:10CB0000F07007EA000AC7F342004AEA000A286800
:10CB1000C0F80CA055E00120089052E0082C1BD072
:10CB200005DC64B1012C0ED0042C2ED10FE0102CAA
:10CB300017D0202C24D0402C27D123E041E0FAF755
:10CB40001BFD064625E0FAF729FD064621E005A86B
:10CB5000F9F7C8FA069E1CE002A8F9F7DBFB039E72
:10CB600017E01F480068C0F3401038B11C48006847
:10CB7000C0F3C1011B4820FA01F600E0194E08E09D
:10CB8000194E06E04FF4004603E00026012008900D
:10CB900000BF00BFAEB11149686A31F81000B6FBA2
:10CBA000F0F0696800EB5100B0FBF1F7102F06D3ED
:10CBB000B7F5803F03D2B8B22968C86001E0012010
:10CBC00008900120A5F86A00A5F8680000206867B1
:10CBD000A867089809B0BDE8F08F0000C82C0108CC
:10CBE000004402580090D00300093D0070B504468F
:10CBF0000E46154644F8586FA5800020A0632220F9
:10CC00006063A06A583CF8B12748241DE16FC863EF
:10CC10002648E16F08642648E16FC8640020E16F90
:10CC2000086554F8043C03F12401626DE06F241F91
:10CC30002B46F6F709FA38B11020C4F890002020EE
:10CC4000C4F88C00012070BD206960B100BF00BF36
:10CC5000216851E8001F41F48070226842E8000119
:10CC60000029F5D100BF00BF00BF2168083151E89D
:10CC7000001F41F001002168083141E80002002A4C
:10CC8000F3D100BF00BF00BF2168083151E8001F89
:10CC900041F040002168083141E80002002AF3D148
:10CCA00000BF0020CFE70000B5BD000863BE00084C
:10CCB00057BD000830B503469965A3F85C20A3F87A
:10CCC0005E200020586700BF9868B0F5805F0AD1E9
:10CCD000186920B940F2FF10A3F8600020E0FF209F
:10CCE000A3F860001CE0986848B9186918B9FF20DB
:10CCF000A3F8600014E07F20A3F8600010E09868BB
:10CD0000B0F1805F09D1186918B97F20A3F86000DD
:10CD100006E03F20A3F8600002E00020A3F86000D6
:10CD200000BF0020C3F890002220C3F88C0000BF91
:10CD300000BF1C68083454E8004F44F001001C6830
:10CD4000083444E80005002DF3D100BF586EB0F15F
:10CD5000005F2CD1B3F86800904228DC9868B0F5E9
:10CD6000805F04D1186910B92548586701E025484B
:10CD70005867186960B100BF00BF1C6854E8004FD5
:10CD800044F480701D6845E80004002CF5D100BF14
:10CD900000BF00BF1C68083454E8004F44F08050C6
:10CDA0001C68083444E80005002DF3D126E098689B
:10CDB000B0F5805F04D1186910B91348586701E0D5
:10CDC00012485867186960B100BF00BF1C6854E87A
:10CDD000004F44F490701D6845E80004002CF5D124
:10CDE0000CE000BF00BF1C6854E8004F44F0200076
:10CDF0001D6845E80004002CF5D100BF002030BDBF
:10CE0000CDC00008CDC30008C9BF0008C9C20008D2
:10CE10002DE9F04104460D4617469846069E3CE033
:10CE2000701CC8B3F7F73CFBA0EB0800B04200D879
:10CE300016B90320BDE8F0812068006800F0040006
:10CE400050B32068C069C0F3C00078B108202168E1
:10CE500008622046FFF74AF80820C4F8900000BF97
:10CE6000002084F8840000BF0120E3E72068C06947
:10CE7000C0F3C02080B14FF40060216808622046F2
:10CE8000FFF734F82020C4F8900000BF002084F899
:10CE9000840000BF0320CDE7FFE72068C069284079
:10CEA000A84201D1012000E00020B842B8D0002003
:10CEB000C0E7000010B50248FCF794FA10BD00006E
:10CEC000C857002410B50248FCF78CFA10BD0000CA
:10CED0005C58002410B50248FCF784FA10BD00002D
:10CEE000F058002410B5012202490348FCF7C8FF9E
:10CEF00010BD0000C80000240C5600242DE9F041AC
:10CF000004460D46D4F8C87204F53070D4F8D41233
:10CF100050F8210010B90320BDE8F08104F530700D
:10CF2000D4F8D41250F8216005F00F0000EB800116
:10CF300004F1140000EB8100406838B305F00F00E5
:10CF400000EB800104F1140000EB8100416805F062
:10CF50000F0000EBC00207F13C0000EB820080688C
:10CF6000B1FBF0F200FB121080B9002105F00F00B8
:10CF700000EB800204F1140000EB8200416000230A
:10CF80001A462946204601F04CF917E00020C6F861
:10CF9000140204F53170D4F8D41250F8210000695D
:10CFA00060B1D6F8080204F53171D4F8D42251F8F2
:10CFB00022102A460B6906F5047198470020ABE75A
:10CFC00070B504460E4604F53070D4F8D41250F80B
:10CFD0002150D4F8D41250F8210008B9032070BDB4
:10CFE0003146204600F070FFC5F80C02D5F8040267
:10CFF00004F53171D4F8D43251F82310CA6805F51C
:10D00000037190470020EAE770B504460D463048AA
:10D010000178204600F02AFE00212D48007800F01B
:10D020000F0000EB800204F1140000EB820001828B
:10D0300028480178204600F019FE00212548007894
:10D0400000F00F0000EB800204F5AA7000EB8200F4
:10D05000018221480178204600F008FE00211E4888
:10D06000007800F00F0000EB800204F1140000EBE8
:10D07000820001821848007800F00F0000EB800267
:10D0800004F1140000EB8200418204F53070D4F802
:10D09000D41250F82100C8B104F53171D4F8D4226B
:10D0A00051F822104868804704F53071D4F8D42232
:10D0B00051F8220001F0DEFB002104F53070D4F8B5
:10D0C000D42240F822100020C4F8BC02002070BD19
:10D0D000BF020024C0020024C102002470B504462F
:10D0E00004F53070D4F8D41250F821500DB9032053
:10D0F00070BD04F53170D4F8D41250F8210098B105
:10D1000095F80002FF280FD095F8012295F800024B
:10D1100004F53171D4F8D46251F826108B68294691
:10D120009847FF2085F800020020E1E701460A2029
:10D130000880014870470000380200242DE9F041C2
:10D14000044682210D4800F02FFC054601210B48C2
:10D1500000F02AFC06468121084800F025FC07461D
:10D160000DB11020A8710EB14020B0800FB1402049
:10D17000B880432020800148BDE8F0817C02002473
:10D180002DE9F041044682210E4800F00DFC0546D1
:10D1900001210C4800F008FC06468121094800F0F6
:10D1A00003FC07460DB11020A87116B14FF40070B2
:10D1B000B08017B14FF40070B88043202080014840
:10D1C000BDE8F0817C0200242DE9F0410446822173
:10D1D0000D4800F0E9FB054601210B4800F0E4FB97
:10D1E00006468121084800F0DFFB07460DB11020FC
:10D1F000A8710EB14020B0800FB14020B88043200C
:10D2000020800148BDE8F0817C02002470B504460E
:10D210000E464FF4077001F02FFB054645B900217B
:10D2200004F53070D4F8D42240F82210022070BDEA
:10D230004FF407712846F3F71FF904F53070D4F85E
:10D24000D41240F82150D4F8D41250F82100C4F878
:10D25000BC02207C98BB4FF4007302225048017836
:10D26000204600F0D7FE01214D48007800F00F0065
:10D2700000EB800204F1140000EB820001824B02FB
:10D28000022248480178204600F0C4FE01214548AA
:10D29000007800F00F0000EB800204F5AA7000EBAC
:10D2A0008200018210214048007800F00F0000EB5E
:10D2B000800204F1140000EB8200418232E0FFE7BB
:10D2C0004023022236480178204600F0A3FE0121C7
:10D2D0003348007800F00F0000EB800204F11400E6
:10D2E00000EB82000182402302222E480178204672
:10D2F00000F090FE01212B48007800F00F0000EBB9
:10D30000800204F5AA7000EB8200018210212648F9
:10D31000007800F00F0000EB800204F1140000EB35
:10D3200082004182082303221F480178204600F032
:10D3300071FE01211C48007800F00F0000EB800214
:10D3400004F1140000EB820001820020C5F8040201
:10D3500004F53171D4F8D42251F8221008688047BE
:10D360000020C5F81402C5F81802D5F8040208B95F
:10D3700002205CE7207C48B94FF40073094801782B
:10D380002046D5F8042200F05DFE07E04023054862
:10D3900001782046D5F8042200F054FE002046E72C
:10D3A000BF020024C0020024C102002470B504465C
:10D3B00004F53070D4F8D41250F82150D4F8D412B7
:10D3C00050F8210008B9032070BD207C48B94FF403
:10D3D0000073094801782046D5F8042200F032FE97
:10D3E00007E04023044801782046D5F8042200F0E5
:10D3F00029FE0020E8E70000C0020024024609B927
:10D400000320704702F53170D2F8D43240F823106F
:10D410000020F6E710B5024602F53070D2F8D4428B
:10D4200050F824300BB9032010BDC3F804120020BB
:10D43000FAE730B503460C4603F53070D3F8D45202
:10D4400050F8251009B9032030BDC1F80842C1F8D1
:10D4500010220020F8E72DE9FC4105460C4605F5B1
:10D460003070D5F8D41250F821600020019000905F
:10D47000804616B90320BDE8FC81207800F06000EA
:10D4800000283DD020287CD1E08868B3207800F0C7
:10D490008000B8B1E288607805F53171D5F8D4C262
:10D4A00051F82C108B6831469847E088072801D93D
:10D4B000072000E0E08807463A463146284600F05B
:10D4C00011F91CE0607886F80002E088402801D25B
:10D4D000E08800E0402086F8010296F801223146FB
:10D4E000284600F0DEF80AE0607805F53171D5F8DD
:10D4F000D42251F8221000228B682146984747E039
:10D50000607830B1012832D00A2813D00B282FD1EF
:10D5100021E095F89C02032805D10222694628469D
:10D5200000F0E0F805E02146284600F0AEF84FF0A4
:10D53000030824E095F89C02032805D1012201A9E3
:10D54000284600F0CFF805E02146284600F09DF877
:10D550004FF0030813E095F89C02032805D02146FC
:10D56000284600F092F84FF0030808E009E006E0D2
:10D570002146284600F089F84FF0030800BF00BF9D
:10D5800006E02146284600F080F84FF0030800BF6F
:10D5900000BF40466FE7000070B5054605F53070E6
:10D5A000D5F8D41250F8214001260CB9032070BDE3
:10D5B000D4F81402C8B90120C4F814020C48007849
:10D5C00000F00F0000EB800205F1140000EB820078
:10D5D000D4F810124160064801782846D4F8103279
:10D5E000D4F8082200F01DFE00263046DFE70000D8
:10D5F000BF02002470B504460D460026D4F8B802D8
:10D60000294642682046904700B10326304670BD47
:10D6100070B504460D4694F89C02012804D00228F7
:10D6200003D003280CD101E000BF00BF68880128A7
:10D6300005D10020C4F8A402204600F064F804E0FC
:10D640002946204600F021F800BF00BF70BD024609
:10D650000020704702460020704770B506460C4611
:10D6600015462B4622460021304600F0EBFC0020F8
:10D6700070BD70B506460C4615462B462246002165
:10D68000304600F0CEFD002070BD70B504460D465A
:10D690008021204600F095FD0021204600F091FDFC
:10D6A00070BD70B504460E4615460320C4F89402BA
:10D6B0004FF4AC700551001D05512B463246002138
:10D6C000204600F0BFFC002070BD10B504460520C8
:10D6D000C4F8940200231A461946204600F0B2FC12
:10D6E000002010BD70B504460E4615460220C4F851
:10D6F0009402A561E5612B4632460021204600F0E8
:10D7000090FD002070BD10B504460420C4F89402BA
:10D7100000231A461946204600F083FD002010BD64
:10D7200070B504460D46E888012804D029462046F5
:10D73000FFF7ABFF1EE094F89C02012804D00228FA
:10D7400003D0032810D109E000BF0020A06001220F
:10D7500004F108012046FFF7C5FF0AE00122211D60
:10D760002046FFF7BFFF04E029462046FFF78DFF64
:10D7700000BF00BF70BDF8B504460E460020009003
:10D780000027002570880012062874D006DC0128C6
:10D790001BD0022821D003286ED132E007286CD09C
:10D7A0000F28F9D1D4F8B402C06938B1207CD4F87C
:10D7B000B412CA6969469047074605E031462046DB
:10D7C000FFF763FF681CC5B2CBE0207CD4F8B4122D
:10D7D0000A68694690470746C3E0207C40B9D4F800
:10D7E000B802816A6846884707460220787007E0D9
:10D7F000D4F8B802C16A68468847074602207870A4
:10D80000AFE0B07806287AD2DFE800F00316293FAF
:10D810005265D4F8B402406838B1207CD4F8B41210
:10D820004A6869469047074605E031462046FFF7BB
:10D830002CFF681CC5B269E0D4F8B402806838B126
:10D84000207CD4F8B4128A6869469047074605E000
:10D8500031462046FFF719FF681CC5B256E0D4F8E0
:10D86000B402C06850B1207CD4F8B412CA686946CA
:10D870009047074608E04BE06CE059E0314620460F
:10D88000FFF703FF681CC5B240E0D4F8B40200699A
:10D8900038B1207CD4F8B4120A696946904707462B
:10D8A00005E031462046FFF7F0FE681CC5B22DE0CA
:10D8B000D4F8B402406938B1207CD4F8B4124A6973
:10D8C00069469047074605E031462046FFF7DDFEF2
:10D8D000681CC5B21AE0D4F8B402806940B1207C5B
:10D8E000D4F8B4128A6969469047074606E006E014
:10D8F00031462046FFF7C9FE681CC5B206E0314636
:10D900002046FFF7C2FE681CC5B200BF00BF28E07A
:10D91000207C30B9D4F8B802416B68468847074686
:10D9200005E031462046FFF7B0FE681CC5B218E09E
:10D93000207C40B9D4F8B802016B68468847074696
:10D940000720787005E031462046FFF79EFE681CF0
:10D95000C5B206E031462046FFF797FE681CC5B207
:10D9600000BF00BF05B1F8BDF088C0B1BDF8000030
:10D9700080B1F088BDF80010884202DDBDF80000DB
:10D9800000E0F0880090BDF8002039462046FFF7FF
:10D99000A9FE07E031462046FFF777FE02E0204669
:10D9A000FFF7B1FE00BFDEE72DE9F84105460F465F
:10D9B0002C462E464FF0000870883178884218DDDA
:10D9C000307800900FE06946204600F020F80446C9
:10D9D0006078052807D1A04698F80200B84200D127
:10D9E00006E04FF000087088BDF800108842EADCBD
:10D9F00000BF4046BDE8F881014600200A4602E02B
:10DA0000431CD8B2521C1378002BF9D1704710B5C3
:10DA1000024610460B88047823440B80037898183C
:10DA200010BD70B504460D4694F89C02012804D040
:10DA3000022803D003281AD101E000BF00BFE88804
:10DA4000022804D029462046FFF71FFE14E00120DB
:10DA5000E060D4F8A40218B1E06840F00200E06091
:10DA6000022204F10C012046FFF73CFE04E02946A7
:10DA70002046FFF70AFE00BF00BF70BD2DE9F04150
:10DA800007460D46904600240FB9BDE8F0813E469A
:10DA90003046FFF7B1FF022101EB4000A8F800007B
:10DAA00098F800002855601CC4B203202855601C5B
:10DAB000C4B208E030782855761C601CC4B200203F
:10DAC0002855601CC4B230780028F3D100BFDCE7D1
:10DAD0000146002031B1012906D0022906D00329D0
:10DAE00008D105E0002007E0032005E0012003E065
:10DAF000032001E0032000BF00BF704770B505465A
:10DB00000C462DB92246064906A0FFF7B7FF04E0F0
:10DB10002246034903A0FFF7B1FF014870BD000092
:10DB20002463002443444320436F6E66696700000A
:10DB3000024612200880014870470000E0010024DE
:10DB400070B505460C462DB92246064906A0FFF7DA
:10DB500095FF04E02246034903A0FFF78FFF014829
:10DB600070BD00002463002443444320496E746563
:10DB70007266616365000000024604200880014867
:10DB8000704700000002002470B505460C4622468E
:10DB9000024903A0FFF772FF004870BD2463002410
:10DBA00053544D6963726F656C656374726F6E690F
:10DBB0006373000070B505460C462DB92246064930
:10DBC00006A0FFF75BFF04E02246034903A0FFF72E
:10DBD00055FF014870BD00002463002453544D33A9
:10DBE00032205669727475616C20436F6D506F728C
:10DBF0007400000070B505460C461A202080F3F72B
:10DC000001FA014870BD0000040200242DE9F04132
:10DC100004460D46164614B90320BDE8F0810020E5
:10DC2000C4F8B802C4F8C402C4F8D0020DB1C4F8F4
:10DC3000B452012084F89C022670204600F04EF970
:10DC400007463846E9E72DE9F04104460D4600262F
:10DC500000272946D4F8C802F7F7C9FB0646304624
:10DC6000FFF736FF07463846BDE8F0812DE9F04161
:10DC700004460D46002600272946D4F8C802F7F7C7
:10DC800081FB06463046FFF723FF07463846BDE8CE
:10DC9000F0812DE9F04704460F469146002F56D1FA
:10DCA00004F11405D4F89402022846D1D5E9020102
:10DCB00088420FD9D5E90201401AA860494620469A
:10DCC000AA68FFF7D6FC00231A461946204600F042
:10DCD000B9F932E0D5E90210884217D1E9686868DD
:10DCE000884213D36868D4F8981288420ED2002272
:10DCF00011462046FFF7BDFC0020C4F8980200231F
:10DD00001A461946204600F09DF916E094F89C0248
:10DD100003280BD1D4F8B802C06838B10020C4F889
:10DD2000D402D4F8B802C168204688478021204632
:10DD300000F047FA2046FFF7C8FC94F8A00250B361
:10DD4000204600F0C5FA002084F8A00223E047F046
:10DD500080012046FFF77BFC0646FF2E1BD0D6B97C
:10DD600094F89C02032816D104F52E7050F8260072
:10DD7000406980B1C4F8D46204F52E7050F82600D2
:10DD800039464269204690478046B8F1000F02D0DC
:10DD90004046BDE8F0870020FBE72DE9F047054647
:10DDA0000F4690464FF00009002F51D105F5AA7695
:10DDB000D5F8940203286FD1D6E90201884210D920
:10DDC000D6E90201401AB060D6E90201884201D2C8
:10DDD000B06800E0F068024641462846FFF73DFC87
:10DDE0005AE095F8AA0200F01F0020B1012804D0E3
:10DDF000022812D109E0002411E040F2AE20415D7A
:10DE00002846FFF727FC044609E040F2AE20415DBA
:10DE10002846FFF71CFC044601E0002400BF00BFB9
:10DE200094B995F89C0203280ED105F52E7050F890
:10DE30002400006940B1C5F8D44205F52E7050F8B1
:10DE400024000169284688472846FFF75CFC23E048
:10DE500007F07F012846FFF7FAFB0446FF2C1BD092
:10DE6000D4B995F89C02032810D105F52E7050F80E
:10DE70002400806950B1C5F8D44205F52E7050F8E1
:10DE8000240039468269284690478146B9F1000F3F
:10DE900002D04846BDE8F0870020FBE7014600209D
:10DEA000704770B504460025012084F89C02D4F820
:10DEB000B80238B12179D4F8B802426820469047B8
:10DEC00000B10325284670BD70B504460D462946AD
:10DED000D4F8C802F7F7C9FA70BD000010B50446BF
:10DEE000207801282CD11748C0F80845C4F8C8028A
:10DEF0001548144908600920486002211148016151
:10DF00000021C160022181610021C1610162416281
:10DF1000C16201634163F7F71EFF08B1F2F783FEA8
:10DF20004FF400710748F7F7B2F980220021054845
:10DF3000F7F7B2F94FF4BA7201210248F7F7ACF9DA
:10DF4000002010BD247500240000044010B50246D6
:10DF5000D2F8C83201F08000802809D101F07F009A
:10DF600000EBC00403F13C0000EB8400807810BD9E
:10DF700001F07F0000EBC00403F51F7000EB84008C
:10DF80008078F4E770B504460D4604F52E70D4F899
:10DF9000D41250F8210008B9032070BD94F89C02F7
:10DFA000032811D104F52E70D4F8D41250F82100B2
:10DFB000006A48B104F52E70D4F8D41250F821004C
:10DFC0002946026A204690470020E6E770B50446DD
:10DFD0000D4604F52E70D4F8D41250F8210008B97B
:10DFE000032070BD94F89C02032811D104F52E7013
:10DFF000D4F8D41250F82100406A48B104F52E70CC
:10E00000D4F8D41250F821002946426A204690479D
:10E010000020E6E72DE9F04704460F4615461E4668
:10E020004FF00008C1462B4632463946D4F8C802A4
:10E03000F7F726FA80464046FFF74AFD81464846F4
:10E04000BDE8F0872DE9F04704460D4616461F4609
:10E050004FF00008C1463B4632462946D4F8C80274
:10E06000F7F754FA80464046FFF732FD81464846AE
:10E07000BDE8F08770B504460025012084F89C02B5
:10E080000020C4F894026060C4F8A40284F8A002DE
:10E09000D4F8B80258B1D4F8B802406838B1217940
:10E0A000D4F8B80242682046904700B103254023C7
:10E0B000002211462046FFF7ADFF01214FF4B27058
:10E0C00001534021001F015140230022802120469E
:10E0D000FFF7A0FF0121A18440212162284670BDE5
:10E0E000014691F89C02042803D191F89D0281F821
:10E0F0009C020020704710B5044694F89C02032847
:10E100000BD1D4F8B80240B1D4F8B802C06920B13C
:10E11000D4F8B802C16920468847002010BD0246E5
:10E120001174002070472DE9F04104460D46002689
:10E1300000272946D4F8C802F7F724FF06463046E0
:10E14000FFF7C6FC07463846BDE8F08170B50446C7
:10E150000D46294604F2AA2000F07BF80120C4F8FD
:10E1600094024FF42C70005BC4F8980294F8AA0251
:10E1700000F01F0020B1012809D0022815D10DE0C0
:10E1800004F2AA21204600F087F9064616E004F2C0
:10E19000AA21204600F017FB06460FE004F2AA2150
:10E1A000204600F0D0F9064608E094F8AA0200F0F4
:10E1B0008001204600F005F8064600BF00BF30464B
:10E1C00070BD2DE9F04104460D4600260027294682
:10E1D000D4F8C802F7F7BDF906463046FFF778FCD9
:10E1E00007463846BDE8F08170B504460025002694
:10E1F000D4F8C802F7F7EAFE05462846FFF768FCA0
:10E200000646304670BD014691F89C02042803D0B2
:10E2100091F89C0281F89D02042081F89C02002064
:10E2200070472DE9F04704460D4616461F464FF04D
:10E230000008C1463B4632462946D4F8C802F7F7E3
:10E24000CDF980464046FFF743FC81464846BDE88D
:10E25000F08770B505460E46344620782870641C59
:10E2600020786870641C2046FDF7E8F86880641C1C
:10E27000641C2046FDF7E2F8A880641C641C20465C
:10E28000FDF7DCF8E88070BD38B504460D46002087
:10E2900000900DB9032038BDC4F8B85204F52E70B3
:10E2A000D4F8D41250F82100C06A50B104F52E7091
:10E2B000D4F8D42250F82200C16A68468847C4F8CE
:10E2C000D002D4F8D802401CC4F8D8020020E2E7FB
:10E2D00001460020704770B504460D46A88810BB63
:10E2E000E88800BB688880281DD2A87800F07F06E7
:10E2F00094F89C02032804D129462046FFF7C5F96B
:10E3000015E084F89E6231462046FFF70CFF204658
:10E31000FFF7F9F91EB1022084F89C0207E0012002
:10E3200084F89C0203E029462046FFF7AEF970BD51
:10E3300070B504460D460026D4F8B80230B1D4F8C2
:10E34000B80229460268204690470646304670BD0E
:10E3500070B504460E460025B0783D490870084661
:10E360000078012805D931462046FFF78EF90320B1
:10E3700070BD94F89C02022802D0032859D11FE0F6
:10E3800033480078C0B13248007860603048017886
:10E390002046FFF7CDFF05463DB131462046FFF749
:10E3A00074F9022084F89C0209E02046FFF7ABF9DB
:10E3B000032084F89C0202E02046FFF7A4F943E022
:10E3C0002348007870B9022084F89C022048007825
:10E3D00060601F4801782046FFF70CF92046FFF7E0
:10E3E00092F925E01A490978606888421DD02179A0
:10E3F0002046FFF7FFF8164800786060144801785F
:10E400002046FFF795FF05465DB131462046FFF7F0
:10E410003CF921792046FFF7EDF8022084F89C02B0
:10E4200006E02046FFF76FF902E02046FFF76BF9A0
:10E430000AE031462046FFF728F9054801782046D2
:10E44000FFF7D8F8032500BF00BF284690E700007B
:10E450003402002470B505460C466088012805D1B9
:10E46000C5F8A4022846FFF74EF90EE0608802289E
:10E4700007D1A088001285F8A0022846FFF743F9CB
:10E4800003E021462846FFF700F970BD10B50446A9
:10E490002046FFF7A9FE10BD70B504460D460026C4
:10E4A000287800F0600088B1202802D0402842D1AE
:10E4B00000E000BF04F52E70D4F8D41250F821000B
:10E4C0002946826820469047064639E068780A283F
:10E4D0002AD2DFE800F01A24291F290A0529150F7E
:10E4E00029462046FFF747F923E029462046FFF753
:10E4F000F2FE1EE029462046FFF72AFF064618E0F6
:10E5000029462046FFF70CF913E029462046FFF77D
:10E5100088FA0EE029462046FFF79CFF09E02946CD
:10E520002046FFF775F804E029462046FFF7ADF8CE
:10E5300000BF00BF04E029462046FFF7A6F800BF51
:10E5400000BF304670BD2DE9F04705460F464FF03D
:10E5500000093C79387800F06000F8B1202802D03A
:10E5600040287DD100E000BF21462846FFF76FF824
:10E570000646FF2E11D086B9C5F8D46205F52E7077
:10E5800050F82600806840B105F52E7050F826003E
:10E590003946826828469047814610E178780028FD
:10E5A0007AD001282FD003286ED195F89C0202283A
:10E5B00002D0032820D110E054B1802C08D021468D
:10E5C0002846FFF7FEFD80212846FFF7FAFD03E00D
:10E5D00039462846FFF759F813E0788840B93CB12E
:10E5E000802C05D0F88818B921462846FFF7E9FDA8
:10E5F0002846FFF788F804E039462846FFF745F833
:10E6000000BF00BFD4E095F89C02022802D0032886
:10E610003BD110E054B1802C08D021462846FFF7AA
:10E62000D0FD80212846FFF7CCFD03E0394628467F
:10E63000FFF72BF82EE0788820BB04F07F0018B19C
:10E6400021462846FFF7FFFA2846FFF75CF82146E7
:10E650002846FEF7FCFF0646FF2E13D096B900E0D1
:10E66000A8E0C5F8D46205F52E7050F82600806841
:10E6700040B105F52E7050F82600394682682846CC
:10E680009047814606E007E08DE039462846FEF7D0
:10E69000FCFF00BF00BF8BE095F89C02022802D06F
:10E6A000032879D126E034B1802C04D0394628469D
:10E6B000FEF7EBFF75E004F08000802808D104F03D
:10E6C0007F0000EB800105F1140000EB810007E002
:10E6D00004F07F0000EB800105F5AA7000EB8100DB
:10E6E00080460020C8F80000022241462846FEF776
:10E6F000F9FF56E004F0800080280ED104F00F00EE
:10E7000000EB800105F1140000EB8100008A98B94C
:10E7100039462846FEF7B9FF43E004F00F0000EB4E
:10E72000800105F5AA7000EB8100008A20B9394606
:10E730002846FEF7AAFF34E004F08000802808D1C4
:10E7400004F07F0000EB800105F1140000EB810074
:10E7500007E004F07F0000EB800105F5AA7000EBF4
:10E76000810080460CB1802C03D10020C8F8000045
:10E770000CE021462846FFF7E9FB20B10120C8F84C
:10E78000000003E008E00020C8F800000222414633
:10E790002846FEF7A7FF04E039462846FEF775FF36
:10E7A00000BF00BF04E039462846FEF76EFF00BFF9
:10E7B00000BF04E039462846FEF767FF00BF00BFF0
:10E7C0004846BDE8F0872DE9F04105460E46002792
:10E7D000307800F0600030B1202802D0402840D1CD
:10E7E00000E000BF00BF95F89C02012804D0022879
:10E7F00003D003282ED101E000BF00BF30790128EB
:10E8000023D831792846FEF725FF0446FF2C14D083
:10E810009CB905F52E7050F82400806858B1C5F8F1
:10E82000D44205F52E7050F82400314682682846FF
:10E830009047074602E0032700E00327F08840B92D
:10E840003FB92846FEF75FFF03E031462846FEF752
:10E850001CFF04E031462846FEF717FF00BF00BF4B
:10E8600004E031462846FEF710FF00BF00BF3846DF
:10E87000BDE8F08170470000014601487047000084
:10E88000307A002470B504460B4622461978587831
:10E8900001282CD140F61C0080581D7805F00F0689
:10E8A0000125B540ADB2284340F61C05A85002F53D
:10E8B000106000EB4110006800F40040F0BB1889C4
:10E8C000C0F30A001D7940EA854040EA815040F0DB
:10E8D000805040F4004002F5106505EB41152D68AD
:10E8E000284302F5106505EB411528602DE040F640
:10E8F0001C0080581D7805F00F060125B540144E08
:10E9000006EA0545284340F61C05A85002F530608C
:10E9100000EB4110006800F4004078B91889C0F39A
:10E920000A001D7940EA854040F0805040F40040E4
:10E9300002F5306505EB41152D6800E005E0284340
:10E9400002F5306505EB41152860002070BD000020
:10E950000000FFFF01460A464FF410608058C30ACA
:10E96000DB024FF41060835040F60400805840F4FE
:10E97000807340F6040083500020704770B52DED81
:10E98000108B86B038E072B67F4806787F480468FE
:10E990007F48D0ED018A7F4890ED019A7C48D0ED08
:10E9A000039A7C4890ED03AA7948D0ED05AA7948EE
:10E9B00090ED05BA7648D0ED07BA764890ED07CAD3
:10E9C00062B626B9002006B0BDEC108B70BDF5F71D
:10E9D00067FD051B322D00D80FE072B66A4800783B
:10E9E00048B16A480068A04205D100206649087015
:10E9F00062B60020E7E762B6C5E700BF2946F0EE41
:10EA0000490AB0EE680A644800F020FA2946F0EEA0
:10EA10004A0AB0EE690A614800F018FA2946F0EE99
:10EA20004B0AB0EE6A0A5E4800F010FA2946F0EE92
:10EA30004C0AB0EE6B0A5B4800F008FA5A48D0ED79
:10EA400025CA90ED1DDAD0ED4DDA90ED45EAD0ED16
:10EA500075EA90ED6DFAD0ED9DFA90ED950A8DED89
:10EA6000050AB1EE6C0A30EE2D0AF6EE000A20EE31
:10EA7000200A8DED040AB1EE4D0A30EE0E0AF6EED4
:10EA8000000A20EE200A8DED030A434890ED000AAB
:10EA9000B1EE400A4148D0ED000A30EE200AF6EE11
:10EAA000000A20EE200A8DED020A3B4890ED010A93
:10EAB000B1EE400A3948D0ED010A30EE200AF6EEF8
:10EAC000000A20EE200A8DED010AB2EE042ADDEDE7
:10EAD000011A9DED021ADDED030A9DED040A00F016
:10EAE00057F9B0EE408ABEEE000A28EE000A2F4821
:10EAF00080ED000AB6EE000A28EE000A2C4880EDF0
:10EB0000000A274890ED010AF0EE401A90ED000A45
:10EB1000B0EE401AB3EE0E2AF0EE4F0AB0EE6E0AD7
:10EB200000F036F9234880ED000A1E4890ED010AF6
:10EB3000F0EE401A90ED000AB0EE401AB3EE0E2A45
:10EB4000DDED050AB0EE6F0A00F022F91A4880EDFB
:10EB5000000A164890ED000A00F034F8144890EDD1
:10EB6000000A00F063F8134890ED000A00F092F8F4
:10EB7000114890ED000A00F0C1F81049104801F06A
:10EB80007FFE01201FE70000D4000024D8000024ED
:10EB9000785E0024B85E00245C5F0024685F002477
:10EBA000745F0024805F0024984B0024E000002460
:10EBB000E4000024E8000024EC000024684E002457
:10EBC0009850002400B52DED028B85B0B0EE408A40
:10EBD000142213496846F1F728FC9FED120A8DEDC7
:10EBE000000A9FED100A8DED010AB2EE041AFAEE4A
:10EBF000040AB0EE480A00F0B5F88DED020A9FED68
:10EC0000090A8DED030A9FED070A8DED040A6A4695
:10EC10000121054801F0BEFD05B0BDEC028B00BD31
:10EC20004C5D0024000000009850002400B52DED3C
:10EC3000028B85B0B0EE408A142213496846F1F782
:10EC4000F4FB9FED120A8DED000A9FED100A8DED89
:10EC5000010AB2EE041AFAEE040AB0EE480A00F015
:10EC600081F88DED020A9FED090A8DED030A9FEDF3
:10EC7000070A8DED040A6A460321054801F08AFD62
:10EC800005B0BDEC028B00BD745D002400000000E7
:10EC90009850002400B52DED028B85B0B0EE408A6F
:10ECA000142213496846F1F7C0FB9FED120A8DED5F
:10ECB000000A9FED100A8DED010AB2EE041AFAEE79
:10ECC000040AB0EE480A00F04DF88DED020A9FEDFF
:10ECD000090A8DED030A9FED070A8DED040A6A46C5
:10ECE0000521054801F056FD05B0BDEC028B00BDC5
:10ECF0009C5D0024000000003851002400B52DED7B
:10ED0000028B85B0B0EE408A142213496846F1F7B1
:10ED10008CFB9FED120A8DED000A9FED100A8DED20
:10ED2000010AB2EE041AFAEE040AB0EE480A00F044
:10ED300019F88DED020A9FED090A8DED030A9FED8A
:10ED4000070A8DED040A6A460721054801F022FDF5
:10ED500005B0BDEC028B00BDC45D002400000000C6
:10ED600038510024F0EE401AF4EEC11AF1EE10FA18
:10ED700002DDB0EE410A7047F4EEE01AF1EE10FA4F
:10ED800002D2B0EE600AF6E7B0EE610AF3E70000E7
:10ED900010B52DED068BF0EE408AB0EE608AB0EE35
:10EDA000419BB0EE42AA38EE690ADFED0C0A20EE74
:10EDB000200ADFED0B0A00EEC80A78EEC90A0AEE57
:10EDC000600AF0EE40AAB0EE0C1AF8EE0C0AB0EEB3
:10EDD0006A0AFFF7C7FFBDEC068B10BDCDCCCCBDDA
:10EDE0003B014D3C10B59FED100AFFF7EBFE0020F4
:10EDF0000E4908720E4908720E4908720E490872CF
:10EE00000E490F4801F03CFD0C49A0310D4801F0BE
:10EE100037FD0D490B4801F033FD0B49A03108487F
:10EE200001F02EFD10BD0000000000005C5F00241A
:10EE3000685F0024745F0024805F0024884C0024F5
:10EE40009850002438510024C84D0024F0EE401A98
:10EE5000022900D9022102EE901AF8EE622A9FEDF3
:10EE6000173A22EE832AB0EE611A00EE821AB0EE53
:10EE7000600A08B1027A3AB928B180ED001A80ED33
:10EE8000010A012202727047D0ED002A90ED003A8B
:10EE900031EE433ADFED0A3A43EE832AC0ED002A11
:10EEA000D0ED012A90ED013A30EE433ADFED043A1D
:10EEB00043EE832AC0ED012A00BFE4E76F12833AD4
:10EEC0003333B33E0FB470B504460A98012817D106
:10EED000A06B20F48030A063E0681E490840E06029
:10EEE000E06820F44010E0601198012803D1E06848
:10EEF00040F48010E060204600F030F8054612E053
:10EF0000E06840F04000E060204600F027F8054649
:10EF10000E9820B9A06B40F48030A06303E0A06B92
:10EF200020F48030A063079801280ED1E06D80B2F4
:10EF3000E065E06D08490843E065A06840F0060020
:10EF4000A060A06840F02000A060284670BC5DF87A
:10EF500014FB0000BFFFBDFF0000EE0308B5014633
:10EF60000020009000BF0098401C0090104A0098BC
:10EF7000904201D9032008BD086900F00040002834
:10EF8000F1D000200090086940F00100086100BF46
:10EF90000098401C0090064A0098904201D9032036
:10EFA000E9E7086900F001000028F1D100BFE2E7BD
:10EFB000400D030070B504460B4622461978587878
:10EFC000012848D102F5106000EB4110006800F004
:10EFD0000040B0F1004F17D102F5106000EB411076
:10EFE000006840F0006502F5106000EB411005601C
:10EFF00002F5106000EB4110006840F0804502F51A
:10F00000106000EB4110056040F63C0080581D7810
:10F0100005F00F060125B540ADB2A84340F63C050A
:10F02000A85040F61C0080581D7805F00F060125F9
:10F03000B540ADB2A84340F61C05A85002F51060DB
:10F0400000EB411000682B4D284002F5106505EBE0
:10F05000411528604BE002F5306000EB411000687C
:10F0600000F00040B0F1004F17D102F5306000EB26
:10F070004110006840F0006502F5306000EB41107F
:10F08000056002F5306000EB4110006840F08045FB
:10F0900002F5306000EB4110056040F63C008058FE
:10F0A0001D7805F00F060125B540134E06EA05450B
:10F0B000A84340F63C05A85040F61C008558187837
:10F0C00000F00F060120B0400B4E06EA00408543D9
:10F0D00040F61C00855002F5306000EB41100068DE
:10F0E000064D284002F5306505EB411528600020EB
:10F0F00070BD0000007833EC0000FFFF0078F3EFF4
:10F1000001460A46D2F8000E20F00300C2F8000EB5
:10F1100040F60400805820F0020340F604008350BB
:10F120000020704701460A46D2F8000E20F0030086
:10F13000C2F8000E40F60400805840F0020340F68A
:10F1400004008350002070470FB4F0B50646002736
:10F150003546002405E0002106F5827040F82410B1
:10F16000641C0F2CF7D31098A0B940F60400405946
:10F1700040F0020140F604004151B06B20F4001051
:10F18000B063306840F040003060306840F080008C
:10F19000306003E0B06B40F40010B0630020C5F8AD
:10F1A000000ED5F80008C5F800080B9801280BD10F
:10F1B000099820B90021304600F061FD08E00121E6
:10F1C000304600F05CFD03E00321304600F057FDBF
:10F1D0001021304600F0FAFB00B10127304600F064
:10F1E000CBFB00B1012700214FF401604151001D0C
:10F1F000415140F61C00415100242EE005F51060FD
:10F2000000EB4410006800F00040B0F1004F10D156
:10F210003CB94FF0006105F5106000EB441001604F
:10F220000DE04FF0904105F5106000EB44100160D7
:10F2300005E0002105F5106000EB4410016000219D
:10F2400005F5106000EB441001614FF67F3105F5C4
:10F25000106000EB44108160641C0698A042CDD879
:10F2600000242EE005F5306000EB4410006800F04B
:10F270000040B0F1004F10D13CB94FF0006105F5EE
:10F28000306000EB441001600DE04FF0904105F557
:10F29000306000EB4410016005E0002105F53060AE
:10F2A00000EB44100160002105F5306000EB4410D4
:10F2B00001614FF67F3105F5306000EB441081604D
:10F2C000641C0698A042CDD84FF40160405920F448
:10F2D00080714FF4016041510020B0616FF08040B7
:10F2E0007061089818B9B06940F01000B061B06959
:10F2F00009490843B0610C9818B1B06940F00800A2
:10F30000B0611098012803D1B06904490843B06185
:10F310003846F0BC5DF814FB00383C800400004027
:10F320000146886820F001008860002070470000D6
:10F3300070B503460C4619461D6C1848854209D91C
:10F340004FF43060405800F00040B0F1004F01D160
:10F35000002070BD0026C1F8106BD1F8100B40F4EE
:10F360000026C1F8106BD1F8100B40F01806C1F858
:10F37000106BD1F8100B40F0C046C1F8106B012C97
:10F3800009D1C1F8142B4FF43060405840F080266A
:10F390004FF4306046500020DBE700000A30544F45
:10F3A00030B504460B4622461978587801281ED1FC
:10F3B00002F5106000EB4110006820F4001502F522
:10F3C000106000EB411005601879032802D018790D
:10F3D00002282AD102F5106000EB4110006840F0CD
:10F3E000805502F5106000EB411005601DE002F54C
:10F3F000306000EB4110006820F4001502F5306029
:10F4000000EB411005601879032802D01879022812
:10F410000BD102F5306000EB4110006840F08055E0
:10F4200002F5306000EB41100560002030BD30B5C2
:10F4300004460B46224619785878012821D102F556
:10F44000106000EB4110006800F0004060B959B155
:10F4500002F5106000EB4110006820F0804502F5D5
:10F46000106000EB4110056002F5106000EB4110E8
:10F47000006840F4001502F5106000EB41100560D3
:10F4800020E002F5306000EB4110006800F0004021
:10F4900060B959B102F5306000EB4110006820F00E
:10F4A000804502F5306000EB4110056002F53060E8
:10F4B00000EB4110006840F4001502F5306000EBED
:10F4C00041100560002030BD2DE9F84381460E460D
:10F4D00017464D463478707801287DD1306920BBBD
:10F4E00005F5106000EB44100069E349084005F59C
:10F4F000106101EB4411086105F5106000EB441048
:10F50000006940F4002105F5106000EB4410016132
:10F5100005F5106000EB44100069C10CC90405F545
:10F52000106000EB441001616BE005F5106000EB2A
:10F5300044100069C10CC90405F5106000EB4410CB
:10F54000016105F5106000EB44100069CA490840EC
:10F5500005F5106101EB4411086194B9B168306997
:10F56000884201D9B068306105F5106000EB4410A5
:10F57000006940F4002105F5106000EB44100161C2
:10F5800014E0B16830690844401EB0FBF1F0BA499C
:10F59000C94301EAC04005F5106101EB4411096956
:10F5A000084305F5106101EB4411086105F5106091
:10F5B00000EB441000693169C1F31201084305F5FD
:10F5C000106101EB441108613079012819D105F56A
:10F5D000106000EB441000E093E0006920F0C041AF
:10F5E00005F5106000EB4410016105F5106000EBBB
:10F5F0004410006940F0005105F5106000EB441024
:10F600000161012F36D1F06928B105F5106000EBDA
:10F610004410F1694161307901281ED140F608009B
:10F62000405900F4807060B905F5106000EB44109B
:10F63000006840F0005105F5106000EB44100160D7
:10F640000BE005F5106000EB4410006840F08051BD
:10F6500005F5106000EB4410016005F5106000EB4B
:10F660004410006840F0044105F5106000EB4410C0
:10F670000160FEE005F5106000EB4410006840F00A
:10F68000044105F5106000EB441001603079012859
:10F690000FD030690028ECD040F634004059317862
:10F6A00001F00F0201219140084340F63401485116
:10F6B000DFE040F60800405900F4807060B905F5BD
:10F6C000106000EB4410006840F0005105F5106038
:10F6D00000EB441001600BE005F5106000EB4410F6
:10F6E000006840F0805105F5106000EB44100160A7
:10F6F0000097308A83B232784846F16800F075FC92
:10F70000B7E005F5306000EB44100069C10CC90496
:10F7100005F5306000EB4410016105F5306000EB49
:10F72000441000695449084005F5306101EB44116B
:10F73000086104BB306908B1B0683061B0683062FC
:10F7400005F5306000EB44100069316AC1F3120125
:10F75000084305F5306101EB4411086105F530609F
:10F7600000EB4410006940F4002105F5306000EB27
:10F770004410016145E03069D0B905F5306000EB17
:10F7800044100069B168C1F31201084305F5306106
:10F7900001EB4411086105F5306000EB441000698D
:10F7A00040F4002105F5306000EB4410016128E0D1
:10F7B000B16830690844401EB0FBF1F01FFA80F8D0
:10F7C000B06800FB08F0306205F5306000EB4410D3
:10F7D00000692949C94301EAC841084305F5306178
:10F7E00001EB4411086105F5306000EB441000693D
:10F7F000316AC1F31201084305F5306101EB441190
:10F800000861012F07D1F06828B105F5306000EBE1
:10F810004410F1684161307901281ED140F608009A
:10F82000405900F4807060B905F5306000EB441079
:10F83000006840F0005105F5306000EB44100160B5
:10F840000BE005F5306000EB4410006840F080519B
:10F8500005F5306000EB4410016005F5306000EB09
:10F860004410006840F0044105F5306000EB44109E
:10F8700001600020BDE8F883FFFF07E078B503468C
:10F880000024009400201A464C78012C35D10C78C5
:10F8900002F5106505EB4414246804F00044B4F14B
:10F8A000004F60D10C7805EB4414246844F00066E6
:10F8B0000C7805EB441426600C7805EB441424689E
:10F8C00044F080460C7805EB4414266000BF009C91
:10F8D000641C009442F21075009CAC4201D90120D6
:10F8E0000AE00C7802F5106505EB4414246804F076
:10F8F0000044B4F1004FEAD035E00C7802F53065F1
:10F9000005EB4414246804F00044B4F1004F2AD1FC
:10F910000C7805EB4414246844F000660C7805EB81
:10F92000441426600C7805EB4414246844F08046A7
:10F930000C7805EB4414266000BF009C641C009406
:10F9400042F21075009CAC4201D901200AE00C780B
:10F9500002F5306505EB4414246804F00044B4F16A
:10F96000004FEAD000BF78BD0146886840F0010032
:10F97000886000207047000008B501460020009014
:10F9800000BF0098401C00900F4A0098904201D997
:10F99000032008BD086900F000400028F1D00020D5
:10F9A00000901020086100BF0098401C0090064A9B
:10F9B0000098904201D90320EBE7086900F010009D
:10F9C0001028F1D00020E4E7400D030008B50246FE
:10F9D0000020009000BF0098401C0090104B009841
:10F9E000984201D9032008BD106900F000400028AA
:10F9F000F1D000200090202040EA8110106100BF6B
:10FA00000098401C0090064B0098984201D90320B2
:10FA1000E9E7106900F020002028F1D00020E2E79B
:10FA2000400D030010B501460B4640F60804E458AB
:10FA300004F006020AB9002006E0022A01D0062AD4
:10FA400001D1022000E00F2010BD0146486900F0FE
:10FA50000100704701460B4640F61800C258001DD1
:10FA6000C058024090B2704701460B4640F618005D
:10FA7000C258001DC0580240100C704770B50246B5
:10FA800013464FF40166F45840F63406F55801F079
:10FA90000F0625FA06F606F0010644EAC61403F539
:10FAA000106606EB4116B66806EA040070BD10B594
:10FAB0000246134603F5306404EB4114A06840F697
:10FAC0001404E458204010BD014648698A6910407A
:10FAD00070472DE9F04104460D46274628464FEA77
:10FAE000920C02F0030300210AE04FF4805858F80A
:10FAF0000780C0F80080401C401C401C401C491C72
:10FB00006145F2D39BB100214FF4805858F807604B
:10FB100000BF4FEAC10826FA08F880F80080491CA7
:10FB2000401CA3F101081FFA88F3002BF1D1BDE8B6
:10FB3000F08100007CB528A103C9CDE900010024B3
:10FB4000AA222146641C2648425455222146641CA0
:10FB5000425481222146641C42541C222146641CCA
:10FB6000425401222146641C4254014608191D4991
:10FB7000098801F065FE1B480088401C194908806F
:10FB8000A41C002517E01DF805602046611C8CB2FE
:10FB900013490E5406EB8601134A02EB0111D1ED15
:10FBA000110AB0EE600A0E49081901F039FE201D55
:10FBB00084B2681CC5B2052DE5DB1E210848801CF7
:10FBC00001F020FE2146621C94B2054A50542146A1
:10FBD0001046F0F717FD7CBD010305070900000082
:10FBE0008C5F0024F0000024984B002470B504467C
:10FBF0000E460025E06820F0C040E060012E10D1E4
:10FC0000E06840F00050E06000BF0120F3F70CFC1A
:10FC10006D1C2046FFF719FF012815D0322DF4D3B3
:10FC200012E07EB9E06840F08040E06000BF012053
:10FC3000F3F7FAFB6D1C2046FFF707FF20B1322DCA
:10FC4000F5D301E0012070BD322D01D10120FAE78A
:10FC50000020F8E710B502460B461146D1F800081F
:10FC600020F4FE60C1F80008D1F800084FF4FE64EB
:10FC700004EA03142043C1F80008002010BD024626
:10FC80001346D3F800080843C3F800080020704763
:10FC900030B503461446022C49D12D48814204D385
:10FCA0002C48814201D20F2245E02A48814204D3E8
:10FCB0002948814201D20E223DE02748814204D3E7
:10FCC0002648814201D20D2235E02448814204D3E6
:10FCD0002348814201D20C222DE02148814204D3E5
:10FCE0002048814201D20B2225E01E48814204D3E4
:10FCF0001D48814201D20A221DE01B48814204D3E3
:10FD00001A48814201D2092215E01848814204D3E1
:10FD10001748814201D208220DE01548814204D3E0
:10FD20001448814201D2072205E0062203E00CB903
:10FD3000092200E00922D86820F47050D860D86801
:10FD40004FF4705505EA82252843D860002030BD65
:10FD5000C0ACD800C0E1E4000024F40080730601C8
:10FD6000A0491A01002D310140A44C0100366E015A
:10FD700020ABA6010048E80170B505460E4605B166
:10FD800006B970BD002412E00B480088642802D335
:10FD9000012000F003F9295D074802880088401C13
:10FDA000054B18800548815400F0BAF8641CB44231
:10FDB000EAD300BFE5E70000DC000024F85E002481
:10FDC00003460A46002109E00648405C984203D1F8
:10FDD00002B1117001207047481CC1B20529F3DB44
:10FDE0000020F8E7002D010870B5054628780128A5
:10FDF00000D070BD72B600241BE005F1080000EBD6
:10FE0000840090ED000A681C005D104901EB800041
:10FE100080ED000A05F11C0000EB840090ED000A63
:10FE2000681C005D0A4901EB800080ED000A601C3F
:10FE3000C4B2052CE1DBF4F733FB0649086001206E
:10FE40000549087062B600BFD3E70000785E002461
:10FE5000B85E0024D8000024D40000242DE9F84F17
:10FE600004460D464FF0000A04B115B90020BDE864
:10FE7000F88F2078AA2805D16078552802D1A0787B
:10FE8000012801D00020F2E7E078287028780128C6
:10FE900004D02878022801D00020E8E72F21A01CF8
:10FEA00001F0B0FC074694F83100B84201D00020C0
:10FEB000DDE7002630E006EBC60000F1040814F888
:10FEC0000810681C8155691C885D6946FFF778FF3A
:10FED00008B90020CBE79DF800100120884000F011
:10FEE000FF090AEA090008B10020C0E74AEA090A46
:10FEF00005F1080000EB860108F1010020440068CC
:10FF0000086005F11C0000EB860108F105002044A3
:10FF100000680860701CC6B2052ECCDB0120A6E785
:10FF200010B58CB02FE000240BE01A48005DAA2821
:10FF300005D11849601C085C552800D107E0601CF9
:10FF400084B2601C80B2144909888842EDDB00BF8E
:10FF50001CB1204600F022F815E00F480088322836
:10FF600001DA0CB010BD69460A48FFF777FF30B1DF
:10FF70006846FFF739FF322000F010F803E0012057
:10FF800000F00CF800BF044800880228CBD200BF64
:10FF9000E7E70000F85E0024DC00002410B504460A
:10FFA0000A480088844203DB00200849088010BD0D
:10FFB00006480088021B06480119F0F736FA034884
:10FFC0000088001B0149088000BFF0E7DC00002426
:10FFD000F85E00244FF47A7000F02CFD04E0FFF787
:10FFE000A9FD012000F026FDF9E72DE9F0430446C4
:10FFF0000D461E46DDF81CC0A0462946BCF1000F88
:020000040801F1
:1000000012D1F01C870800230CE0D1F8009008F50D
:10001000805000EB0230C0F80090491C491C491C7C
:10002000491C5B1CBB42F0D30020BDE8F08300BF3D
:10003000FEE700001CB50A4903C9CDE9000100BF75
:10004000002400BF3DF81410064800F0B0FA601C10
:10005000C4B2032C00DB0024022000F0EBFCF1E72B
:10006000082D01089850002408B50A48006800903F
:1000700000BF002400BF3DF81410074800F097FAB5
:10008000601CC4B2022C00DB0024032000F0D2FC70
:10009000F1E70000102D01083851002402480068E3
:1000A000C0F30220704700000CED00E010B50028FE
:1000B00004DB0A07130E054A135406E00A07140E60
:1000C000034A00F00F031B1FD45410BD00E400E0EE
:1000D00018ED00E0EFF30580704702E008C8121F3A
:1000E00008C1002AFAD170477047002001E001C121
:1000F000121F002AFBD1704710B5024600230020D2
:1001000004E0145C1C44E3B2441CA0B28842F8DB57
:10011000184610BDF0B589B006460D4617461C4678
:100120000095002001900290082C02D82004039032
:1001300021E00C2C03D14FF4102003901BE0102C75
:1001400003D14FF42020039015E0142C03D14FF479
:10015000302003900FE0182C02D1E00303900AE056
:10016000302C03D14FF46020039004E0402C02D1E6
:100170004FF47020039000200490059006900790A3
:1001800008903A4669463046F3F7B6F908B1F0F7F9
:100190004AFD002009B0F0BD8AB016E00B4800F01F
:1001A000FBFC0A48C168009101690191406918226D
:1001B0000649029004A8F0F738F9054804A90EC9C9
:1001C00001F0DEFA012000F035FCE7E7C55F00240E
:1001D000C857002470B50546FCF784FE11E00948B5
:1001E000007858B100F012F80446074800F026F9EC
:1001F00000200449087004B170BD00BF012000F068
:1002000019FCECE7C6000024FA5C0024674840783B
:100210006649897840EA0120C0F30A0064490880F1
:1002200062488078C0106149C97840EA4110C0F343
:100230000A005F4948805D48C07880115B490979B0
:1002400040EA81005949497940EA8120C0F30A0017
:10025000574988805548407940105449897940EA87
:10026000C110C0F30A005249C8805048807900117B
:100270004E49C97940EA0110C0F30A004C4908818F
:100280004A48C079C0114949097A40EA41004749C2
:10029000497A40EA4120C0F30A0045494881434871
:1002A000407A80104149897A40EA8110C0F30A00FF
:1002B0003F4988813D48807A40113C49C97A40EAEB
:1002C000C1003B49C8813948007B3849497B40EA35
:1002D0000120C0F30A00364908823448407BC01030
:1002E0003249897B40EA4110C0F30A003049488214
:1002F0002E48807B80112D49C97B40EA81002B4923
:10030000097C40EA8120C0F30A00294988822748F5
:10031000007C40102549497C40EAC110C0F30A0026
:100320002349C8822148407C00112049897C40EA49
:100330000110C0F30A001E4908831C48807CC011CC
:100340001A49C97C40EA41001849097D40EA412028
:10035000C0F30A00164948831448007D80101349F1
:10036000497D40EA8110C0F30A00114988830F4893
:10037000407D40110D49897D40EAC1000C49C88388
:1003800000200C4908700948C07D00F0040010B13D
:100390000120087007E00548C07D00F0080010B19A
:1003A000032004490870034800787047E15C00248A
:1003B000FA5C0024C700002410B504461A480078EF
:1003C00080B90F2C0ED10120174908700020174961
:1003D000087017490870174809784454FF201549D8
:1003E00008760AE01048007838B111480078401CBF
:1003F0000F4908700F48097844540B48007888B1B9
:100400000B48007818280DDB0020074908700948C0
:10041000007E38B9192207490748F0F706F801208D
:100420000249087010BD0000C4000024C60000246A
:10043000C5000024C85C0024E15C002410B501461E
:1004400000201EE031F91020B2F5E06F18DC31F920
:100450001020C02A14DB31F91020A2F5787200EECA
:10046000102AB8EEC00AF0EE000A20EE200ADFEDF6
:10047000190A80EE201A184A02EB800282ED001A57
:10048000401C0428DEDB0120134A107404201EE007
:1004900031F91020C02A11D0B2F5787F08D0B2F51A
:1004A000E06F11D10224C21E0B4B10339C540CE0A0
:1004B0000124C21E084B10339C5406E00024C21EC7
:1004C000054B10339C5400E000BF00BF401C0828BF
:1004D000DEDB10BD0000C844205D002430B50346BB
:1004E0000C461546B5F5002F60D1207800F00F00BE
:1004F000988020780111D980A078617840EA0121A4
:100500009960E0780001217940EA2111D960607991
:10051000217901F00F0140EA012119611021F2EE69
:10052000090ABAEE090A986801F052F983ED050A42
:100530000C21F3EE0E0ABBEE0E0AD86801F048F962
:1005400083ED090A0C21F2EE040ABAEE040A1869D6
:1005500001F03EF983ED0A0AA07900EE100AB8EE28
:10056000400A83ED0E0AE07900EE100AB8EE400A68
:1005700083ED0F0A93F84C0020B193ED110A83ED3F
:10058000080A03E093ED050A83ED080A93ED080AD3
:10059000D3ED060A30EE600AD3ED070A30EE200AEA
:1005A00083ED070A93ED080A83ED060A30BD38B5DE
:1005B00005460C46E0B28DF80000200A8DF80100D7
:1005C00033208DF8020051208DF8030004236A4681
:1005D00040F2FF712846FFF79DFD38BD2DE9FC4133
:1005E00006460C461546601987B2FF208DF80000BC
:1005F0008DF801008DF802008DF803008DF80400DD
:100600008DF805008DF80600FC208DF80700082302
:100610006A4639463046FFF77DFDBDE8FC8101465C
:1006200071EE602AF0EE621AB0EE602A30EE423AC5
:1006300001208840401E02EE900AF8EEE22A63EEA6
:10064000222A82EEA13AFDEEC32A12EE900A7047EA
:1006500000BFFEE70280818070470000F4F74EF88B
:10066000FAF706FFF9F7A0FEF9F744FDF9F726FDC2
:10067000F9F782FDF9F702FEF9F7CCFFF9F7F6FF7B
:10068000FAF730F8FAF75EF8FAF78EF8FAF79AF90F
:10069000FAF7CEF9FAF738FAFAF76CFAFAF7A4FA99
:1006A000FAF7FCF9F9F7AAFDFAF7DEF8FAF750F9CC
:1006B000FAF710F9012251031048F3F7EBFE01227B
:1006C00091030E48F3F7E6FEC820F2F7ADFEF0F70F
:1006D000ADFAF0F7E3FA6420F2F7A6FE0848F8F75F
:1006E00099F9F0F731FD00F0B5F9F9F7FFFD00F0E9
:1006F000C7F902E00220F2F797FEFBE70008025874
:1007000074550024002409E0A1B204EB8402194BC3
:1007100003EB02100022FFF79DFF641C0F2CF3DB9C
:1007200000F01EF900F0CEF81348006880B9134AB3
:100730000021134800F0D4F912490860124A002140
:10074000124800F0CDF91249086001200A490860FA
:100750000EE000F0B7F8FEF711F918B1022000F032
:1007600069F905E0FEF73EFB022000F063F900BFE7
:10077000EFE70000984B0024D0000024682B01080C
:1007800035000108880000248C2B0108690001084D
:100790008C0000242DE9FE4F83460D461446A8B276
:1007A0000090D4ED030AB0EE600A1020B2EE091AF0
:1007B000FAEE090AFFF733FF86B2D4ED040AB0EE71
:1007C000600A0C20B3EE0E1AFBEE0E0AFFF727FFAD
:1007D00087B2D4ED000AB0EE600A0C209FED261A15
:1007E000DFED260AFFF71BFF1FFA80F8D4ED010AA0
:1007F000B0EE600A0C20B1EE041ADFED200AFFF71C
:100800000EFF1FFA80F9D4ED020AB0EE600A0C2048
:10081000B2EE041AFAEE040AFFF701FF1FFA80FA9B
:1008200030128DF80400F0B28DF80500C7F3071000
:100830008DF806003807000E40EA28208DF80700E2
:1008400008F0FF008DF80800C9F307108DF80900C3
:100850004FEA0970000E40EA2A208DF80A000AF0DB
:10086000FF008DF80B00082301AA58460099FFF7F6
:1008700051FCBDE8FE8F00000000FA4300000000BC
:1008800030B585B005460C469FED0D0A8DED000A8A
:100890009FED0B0A8DED010A9FED090A8DED020A0D
:1008A0009FED070A8DED030A9FED050A8DED040A01
:1008B000A1886A462846FFF76DFF05B030BD0000ED
:1008C0000000000010B52348B0F8560048B9214890
:1008D000B0F8541000222048FFF780FE052000F0F9
:1008E000A9F81C48B0F8F60048B91A48B0F8F41056
:1008F00000221948FFF772FE052000F09BF815480A
:10090000B0F8960148B91348B0F894110022134882
:10091000FFF764FE052000F08DF80E48B0F83602AF
:1009200048B90C48B0F8341200220C48FFF756FEC4
:10093000052000F07FF80748B0F8D60248B905480E
:10094000B0F8D41200220448FFF748FE052000F05A
:1009500071F810BD984B00249850002438510024A1
:10096000B3EE000A314880ED060AB3EE0C0A80EDC2
:10097000050A9FED2F0A80ED070A9FED2D0A80EDF5
:10098000080A9FED2B0A80ED090AB3EE000A80EDFC
:10099000100AB3EE0C0A80ED0F0A9FED250A80EDD8
:1009A000110A9FED230A80ED120A9FED210A80EDC6
:1009B000130AB3EE000A80ED1A0AB3EE0E0A80EDB8
:1009C000190A9FED1B0A80ED1B0A9FED190A80EDA5
:1009D0001C0A9FED170A80ED1D0AB3EE000A80ED98
:1009E000240AB3EE0E0A80ED230A9FED110A80ED72
:1009F000250A9FED0F0A80ED260A9FED0D0A80ED76
:100A0000270AB2EE080A80ED2E0AB3EE090A80ED3D
:100A10002D0A9FED070A80ED2F0A9FED050A80ED54
:100A2000300A9FED030A80ED310A7047385D0024DB
:100A30000000000070B50546FFF74CFB10B16FF0E9
:100A4000050404E0002415B1284601F085F820468D
:100A500070BD000010B5FFF73DFB10B16FF005044D
:100A600009E00648006820B9012004490860002414
:100A700001E04FF0FF34204610BD0000500000247C
:100A800070B5FFF727FB10B16FF005041FE01148A8
:100A90000068012819D100BF801F0021002804DB55
:100AA0000A07130E0C4A135406E00A07150E0B4AE8
:100AB00000F00F031B1FD55400BF00BF02200549E3
:100AC000086001F0C5F8002401E04FF0FF34204633
:100AD00070BD00005000002400E400E018ED00E0CC
:100AE0002DE9FF4780468946144600200390FFF712
:100AF000F1FA00284ED1B8F1000F4BD0802618250E
:100B00008246471E44B3206808B1D4F800A0A0690B
:100B100000B1A5692DB1382D03D8207900F001006E
:100B200018B1002004B0BDE8F087606908B16069C1
:100B30008608A06840B1E0685C2805D3206918B138
:100B4000606908B1012708E0A06830B9E06820B901
:100B5000206910B9002700E00027012F0CD121697E
:100B6000A0684B463246CDE90051029051464046BE
:100B700001F022FD03900DE067B903A8B2B24B4625
:100B80005146CDE90050404601F0E4FC012801D077
:100B9000002003900398C5E710B50446AA202070F2
:100BA00055206070002007E00D4951F82010A21C6C
:100BB00002EB80021160401C0428F5DB002006E0F7
:100BC000074910310A5C04F112010A54401C05283F
:100BD000F6DB17212046FFF78FFAE07510BD000005
:100BE000205D00242DE9F04105460E4616480768B1
:100BF00016480068001D00F027FE681C38B936B1A1
:100C000012480168091D124800F074FE1AE07C19B0
:100C10000E4800684460BC4207D20C480168091DB8
:100C20000C48006800F04CFE0CE008480168091D03
:100C30000948006800F044FE08480068844201D278
:100C400006480460BDE8F081140000240000002480
:100C5000B40700240800002404000024300000240D
:100C600010B5044600F052FE24480068401C234999
:100C700008602348006840B92148046008460068BD
:100C800001280DD100F0FCF90AE01E48006838B9CF
:100C90001B480068C06AE16A884201D818480460AD
:100CA00019480068401C18490860084600686064DC
:100CB0001649E06A0968884202D91449E06A086066
:100CC000E16A01EB8101124A02EB8100211D00F073
:100CD00011FE00F045FE0B48006868B10848006846
:100CE000C06AE16A884207D24FF080500949086023
:100CF000BFF34F8FBFF36F8F10BD000010000024B3
:100D0000000000241C0000242C00002418000024F3
:100D10000403002404ED00E008B500F0F7FD1248DC
:100D20000068E8B9114800F0BBFD114800F0B8FDBB
:100D30000E48104908600E480F49086000200F4B0C
:100D40000F4A102100900A2001F0FCF806490860C3
:100D50000846006820B10BA10348006800F0C0FEFF
:100D600000F0FEFD08BD000044000024C807002478
:100D7000DC0700243C00002440000024F00700248D
:100D800040080024546D72510000000010B516E0B8
:100D900000F0BCFD0C48C068C468201D00F054FD84
:100DA0000A480068401E0949086009480068401E5A
:100DB0000749086000F0D4FD204600F05FF80448C1
:100DC00000680028E4D110BDA00700241000002412
:100DD0000C00002470B504460D46206C70B1216CE7
:100DE000E0680144E160D4E90210884201D321683F
:100DF000E1602846226CE168EFF717FB70BD2DE932
:100E0000F04104460F4615464FF00008A66B206CD3
:100E100048B9206800282CD1A06801F0E3FC804686
:100E20000020A06025E07DB93946226C6068EFF7AC
:100E3000FCFA216C606808446060D4E901018842D2
:100E400017D32068606014E03946226CE068EFF741
:100E5000ECFA216CE068411AE1602168E0688842A0
:100E600003D2216CA068411AE160022D01D106B1C4
:100E7000761E701CA0634046BDE8F08110B50446A4
:100E800094F8590030B9206B00F088FD204600F03E
:100E900085FD1AE094F85900012803D1204600F09E
:100EA0007DFD12E094F85900022801D1012000E0F4
:100EB000002050B900BF502080F31188BFF34F8F3E
:100EC000BFF36F8F00BF00BFFEE710BD0146084AA9
:100ED000126812680AB9012200E000220A600A685A
:100EE00022B9034A1268D268106800E000207047F7
:100EF0003C00002430B54FF47053174800F007044D
:100F00002CB1C01D20F00700134C041B1B1B024614
:100F1000124C22600024114D6C60D018083820F06B
:100F200007000F4C206000240D4D2D686C600C4DA7
:100F30002D682C601146441A4C60094C24680C60E2
:100F4000084D4C682C60084D4C682C604FF00044F4
:100F5000064D2C6030BD0000980F00245400002482
:100F60005C00002464000024600000247000002461
:100F700000BFFFF70BFF064800680128F9D94FF0C2
:100F8000805004490860BFF34F8FBFF36F8FF0E7C5
:100F90000403002404ED00E02DE9F04106460D466F
:100FA00017469846069C0DB9246000E02760E6636A
:100FB00025640121204601F035F884F84C80BDE815
:100FC000F0812DE9F05F82460E4690469B460A9FCF
:100FD0000C9C4FEA8801A522206BEFF746FAA8F196
:100FE0000100216B01EB800929F0070909F00700D6
:100FF00008B9012000E0002050B900BF502080F364
:101000001188BFF34F8FBFF36F8F00BF00BFFEE7A4
:1010100086B1002507E0715D04F134004155705D33
:1010200000B902E06D1C102DF5D300BF0021432054
:10103000015502E0002084F83400382F00D3372710
:10104000E762E76400202065201D00F036FC04F113
:10105000180000F032FC2461C7F13800A06164621E
:101060000020606584F858005A465146484600F012
:1010700071FB20600B9808B10B980460BDE8F09FED
:1010800010B5002407E004EB84010F4A02EB810055
:1010900000F006FC641C382CF5D30C4800F000FC72
:1010A0000B4800F0FDFB0B4800F0FAFB0A4800F08B
:1010B000F7FB0A4800F0F4FB0448094908600448BB
:1010C0000849086010BD00000403002464070024E0
:1010D000780700248C070024A0070024B40700240C
:1010E000040000240800002410B50146164800E062
:1010F000006803688B42FBD30246436813448B426B
:1011000004D143684C682344436001460A464B6857
:1011100013440468A34211D10C4C03682468A34211
:1011200008D04B680468646823444B6003681B68FC
:101130000B6005E0054B1B680B6001E003680B606A
:10114000884200D0016010BD540000245C000024DF
:101150002DE9F04104460D4616461F464FF00008A3
:1011600065602461B5420CD8F01BA169884202D3A6
:101170004FF0010811E0211D0948006800F0A0FBB4
:101180000BE0BE4204D2BD4202D34FF0010804E09E
:10119000211D0448006800F093FB4046BDE8F08143
:1011A000400000243C00002470B5054600F0AEFB72
:1011B000A86B08B9012400E0002400F0D1FB204610
:1011C00070BD70B5054600F0A1FBA86BE96B8842C5
:1011D00001D1012400E0002400F0C2FB204670BDD4
:1011E000F8B505460F461A480068C068C468201D57
:1011F00000F02AFB94F8280000F00400E8B1A06990
:1012000041192B463A462046FFF7A2FFD8B10020ED
:1012100003462A4601460090204601F03FFC064660
:1012200056B900BF502080F31188BFF34F8FBFF332
:101230006F8F00BF00BFFEE705E094F8280020F0A4
:10124000010084F828002046216A8847F8BD000084
:101250003C000024F0B587B0A0E00398002811DA24
:1012600004AE56B900BF502080F31188BFF34F8FF2
:10127000BFF36F8F00BF00BFFEE7D6E90020B16863
:10128000904700BF03980028E6DB059C606908B919
:10129000012000E0002010B9201D00F0D5FA02A8BE
:1012A00000F0DEF8054603980A2875D2DFE800F062
:1012B00009050739416306083A4200BF00BF00BF75
:1012C00000BF94F8280040F0010084F8280004983A
:1012D000A269811803462A462046FFF739FFF8B174
:1012E0002046216A884794F8280000F00400B8B12D
:1012F000002000900498A169421800231946204656
:1013000001F0CCFB074657B900BF502080F311888D
:10131000BFF34F8FBFF36F8F00BF00BFFEE700BF6B
:101320003BE000BF94F8280020F0010084F828007A
:1013300033E000BF94F8280040F0010084F8280052
:101340000498A061A06908B1012000E0002050B914
:1013500000BF502080F31188BFF34F8FBFF36F8F12
:1013600000BF00BFFEE7A06941192B462A46204670
:10137000FFF7EEFE11E094F8280000F0020018B923
:10138000204600F00BFB05E094F8280020F0010057
:1013900084F8280001E0FFE700BF00BF002203A996
:1013A0000448006800F0DCFF00287FF456AF07B067
:1013B000F0BD000044000024F8B505460C4600F0DE
:1013C000A3FC684600F04CF80646009820BB44B9E0
:1013D000B54206D801F0A4FA31462846FFF700FFCF
:1013E0001CE03CB10E480068006808B9012000E02C
:1013F00000200446A91B22460A48006800F086FB2C
:1014000001F08EFA50B94FF0805007490860BFF3E1
:101410004F8FBFF36F8F01E001F082FAF8BD00003B
:10142000400000244400002404ED00E00A4909685B
:10143000096809B9012100E0002121B14FF0FF3115
:10144000064A116006E004490968C968C868034A89
:10145000416811607047000004000024300000243F
:1014600070B5044601F016F9054607480068854244
:1014700004D200F00BF80120206001E00020206081
:1014800001480560284670BD4C0000242DE9F84352
:1014900034E025480068C068056823480068C068D3
:1014A000C468201D00F0D0F92046216A884794F8CE
:1014B000280000F0040008B3A0694619AE4207D91D
:1014C00066602461211D1848006800F0F9F915E0F4
:1014D000002003462A4601460090204601F0DEFA2D
:1014E000074657B900BF502080F31188BFF34F8FD4
:1014F000BFF36F8F00BF00BFFEE700BF0A48006860
:10150000006808B9012000E000200028C1D006488A
:10151000D0F8008005480068034908600348C0F817
:101520000080BDE8F88300003C0000244000002457
:101530000E480068401C08B9012000E0002050B9A6
:1015400000BF502080F31188BFF34F8FBFF36F8F20
:1015500000BF00BFFEE700BF502080F31188BFF33B
:101560004F8FBFF36F8F00BF00BFFEE774000024F2
:1015700008B500BF6846FFF7A9FC0446204600995D
:10158000FFF71AFFFFF766FEF4E770B5044600F0B8
:10159000BDF994F9455010E0606A08B9012000E0F7
:1015A000002038B904F1240001F06EF918B100F000
:1015B0000DFB00E003E0681E45B2002DECDC00BF2F
:1015C000FF2084F8450000F0CBF900F09FF994F972
:1015D000445010E0206908B9012000E0002048B91B
:1015E00004F1100001F050F908B100F0EFFA681EA4
:1015F00045B200E001E0002DECDC00BFFF2084F8E4
:10160000440000F0ADF970BD2DE9F04104464FF003
:10161000000800F079FB4948006808B9FFF76AFC48
:10162000474800682040002870D1D4B1083404F045
:101630000700B0B104F00700C0F10800044404F052
:10164000070008B9012000E0002050B900BF502079
:1016500080F31188BFF34F8FBFF36F8F00BF00BFC0
:10166000FEE7002C52D03748006884424ED8364EF0
:101670003046056801E02E462D686868A04202D217
:1016800028680028F7D12D48006885423ED0306890
:1016900000F10808286830606868001B102819D914
:1016A0002F1907F0070008B9012000E0002050B909
:1016B00000BF502080F31188BFF34F8FBFF36F8FAF
:1016C00000BF00BFFEE76868001B78606C603846AA
:1016D000FFF70AFD1B4968680968081A194908607C
:1016E0000846006819490968884203D2154800680D
:1016F0001649086012496868096808436860002054
:10170000286013480068401C1149086001F008F97E
:1017100008F0070008B9012000E0002050B900BF20
:10172000502080F31188BFF34F8FBFF36F8F00BF3E
:1017300000BFFEE74046BDE8F08100005C000024E9
:101740007000002460000024540000246400002481
:1017500068000024001F4FF080730360001F21F019
:1017600001030360001F054B036014380260001F73
:101770006FF0020303602038704700003115010844
:101780000FB410B504461048007840B918220F492C
:1017900003A8EEF77CFE10B910BC5DF814FBD4F87A
:1017A0008800202800D0F7E7182203A90748EEF7A1
:1017B0003CFE002004490870182204492046F8F72E
:1017C00009FC00BFE8E70000F2000024AD5F002440
:1017D000B0EE401A30EEC10AF0EE401AB0EE412AE7
:1017E00000EE100AB8EEC00A60EE212A01228A40FB
:1017F000521E00EE102AB8EEC03A82EE830A30EE96
:10180000020A704710B502460B460020002104E092
:10181000545C0444E0B24C1CA1B29942F8DB10BD08
:1018200008B58DED000A9DF8001001709DF80110BB
:1018300041709DF8021081709DF80310C17008BDC1
:1018400001700A0A4270704701460A69D1E9013005
:101850009860D1E9010358605068884201D18868D6
:101860005060002008611068401E106010687047CA
:10187000034B0360034B0B60802313607047000031
:10188000E00800243C090024034B0360034B0B6079
:101890004FF48073136070473C0B0024980B0024B6
:1018A00000F1080141604FF0FF31816000F1080153
:1018B000C160016100210160704700210161704732
:1018C00010B502460B685C1C0CB9106907E002F108
:1018D000080000E04068446824689C42FAD94468E3
:1018E0004C604C68A160886041600A611468641CA7
:1018F000146010BD42684A6093688B6093685960B9
:101900009160086103685B1C0360704700BF502052
:1019100080F31188BFF34F8FBFF36F8F00BF0E4866
:101920000068401C0C49086008460068012812D174
:101930000A480068C0B208B9012000E0002050B990
:1019400000BF502080F31188BFF34F8FBFF36F8F1C
:1019500000BF00BFFEE770477400002404ED00E004
:101960000D48006850B900BF502080F31188BFF3C4
:101970004F8FBFF36F8F00BF00BFFEE706480068C0
:10198000401E054908600846006820B9002080F321
:10199000118800BF00BF70477400002470B5064670
:1019A0003546002E44D0083D2C462249606809681F
:1019B000084008B1012000E0002050B900BF5020CD
:1019C00080F31188BFF34F8FBFF36F8F00BF00BF4D
:1019D000FEE7206808B9012000E0002050B900BFF0
:1019E000502080F31188BFF34F8FBFF36F8F00BF7C
:1019F00000BFFEE70F49606809680840C0B1206871
:101A0000B0B90C49606809688843606000F07CF9EF
:101A10000949606809680844074908602046FFF7DB
:101A200063FB06480068401C0449086000F078FF2A
:101A300070BD000070000024600000246C000024D1
:101A400000204FF0E02108618861064800684FF4EB
:101A50007A71B0FBF1F0401E4FF0E02148610720A1
:101A600008617047B400002470B5EEF797FC044697
:101A7000102C16D304F1E02090F8F05315480078AC
:101A8000854201DB012000E0002050B900BF50205A
:101A900080F31188BFF34F8FBFF36F8F00BF00BF7C
:101AA000FEE70D48006800F4E0600C4909688842D0
:101AB00001D8012000E0002050B900BF502080F381
:101AC0001188BFF34F8FBFF36F8F00BF00BFFEE7DA
:101AD00070BD0000780000240CED00E07C000024C4
:101AE000024600200BE0084B53F8303033B9064B68
:101AF00043F8301003EBC0035A6002E0401C082892
:101B0000F1D300BF70470000C40200242DE9F0416A
:101B100005460E4617462C46FFF7F8FE94F944009A
:101B2000401C10B9002084F8440094F94500401C82
:101B300010B9002084F84500FFF712FFA06B28B908
:101B40003A46314604F1240000F062F82046FFF7DF
:101B50001CFDBDE8F081000070B504460025D4B13D
:101B60001248006808B9012000E0002050B900BF09
:101B7000502080F31188BFF34F8FBFF36F8F00BFEA
:101B800000BFFEE700F0C0F800212046FFF72AF86A
:101B900000F0C6FE05463DB94FF08050044908608C
:101BA000BFF34F8FBFF36F8F70BD0000380000246C
:101BB00004ED00E0034909680160034909684160D8
:101BC000704700002800002414000024012001496F
:101BD000086070472400002470B504460D4654B9CF
:101BE00000BF502080F31188BFF34F8FBFF36F8F7A
:101BF00000BF00BFFEE70548016818312046FFF727
:101C00005FFE01212846FEF7EDFF70BD00000024B5
:101C100070B505460E46144655B900BF502080F3F6
:101C20001188BFF34F8FBFF36F8F00BF00BFFEE778
:101C30000648016818312846FFF75CFE0CB14FF0EA
:101C4000FF3621463046FEF7CDFF70BD0000002470
:101C500010B586B000200590049003AA04A905A839
:101C6000FFF706FE0022DDE904101346CDE900214E
:101C700002901EA11F48039A00F09EFC1E490860B6
:101C80000846006808B1012400E00024012C02D1BC
:101C900000F0C8FE0446012C15D100BF502080F38F
:101CA0001188BFF34F8FBFF36F8F00BF4FF0FF302E
:101CB000124908600120124908600020114908609B
:101CC00000F072F810E0601C08B1012000E0002074
:101CD00050B900BF502080F31188BFF34F8FBFF37E
:101CE0006F8F00BF00BFFEE706B010BD49444C45F2
:101CF00000000000710F01083400002430000024AF
:101D00001C0000241400002402480068401C014903
:101D100008607047380000241E48006818B1012090
:101D20001D49086034E000201B4908601B48016819
:101D30000CE051B900BF502080F31188BFF34F8FE2
:101D4000BFF36F8F00BF00BFFEE7491E01EB8100AC
:101D5000134A52F8200008B9012000E000200028B2
:101D6000E7D101EB81020E4B03EB8200426852681F
:101D7000426000F108024368934202D1426852680F
:101D800042604268D268074B1A600448016000BF95
:101D900070470000380000242400002418000024AC
:101DA00004030024000000241CB552480068524976
:101DB000884201D0012000E0002050B900BF50202F
:101DC00080F31188BFF34F8FBFF36F8F00BF00BF49
:101DD000FEE7484800684849491E884201D0012072
:101DE00000E0002050B900BF502080F31188BFF3FD
:101DF0004F8FBFF36F8F00BF00BFFEE73F4908461C
:101E000000780190FF200A46107008460078009084
:101E10009DF8000000F0F0009DF80020904201D1F4
:101E2000012000E0002050B900BF502080F311884D
:101E3000BFF34F8FBFF36F8F00BF00BFFEE79DF86A
:101E4000000000F050002E4A107007202D4A10604C
:101E500009E02C480068401E2A4A10609DF80000E6
:101E60004006000E00909DF8000000F080008028E1
:101E7000EFD024480068C0F10700042801D10120F8
:101E800000E0002050B900BF502080F31188BFF35C
:101E90004F8FBFF36F8F00BF00BFFEE71948006888
:101EA0000002184A10601046008800F4E0601060DC
:101EB000124A019810700F482030006840F47000FA
:101EC0000C49203108600846006840F07040086006
:101ED000FFF7B6FD00200C490860EEF727FA0B4823
:101EE000006840F0404009490860EEF70BFA002016
:101EF0001CBD000000ED00E071C20F4100E400E0F5
:101F0000780000247C0000247400002434EF00E0FA
:101F100010B500BF502080F31188BFF34F8FBFF37F
:101F20006F8F00BF00F0BCFB18B14FF08050044928
:101F3000086000BF002080F3118800BF10BD0000C2
:101F400004ED00E02DE9F84380460E4617461D4695
:101F5000DDF82090B8F1000F01D0012000E0002052
:101F600050B900BF502080F31188BFF34F8FBFF3EB
:101F70006F8F00BF00BFFEE70DB1012000E0002021
:101F800050B900BF502080F31188BFF34F8FBFF3CB
:101F90006F8F00BF00BFFEE707B10EB1012000E068
:101FA000002050B900BF502080F31188BFF34F8F3D
:101FB000BFF36F8F00BF00BFFEE707B90EB9012066
:101FC00000E0002050B900BF502080F31188BFF31B
:101FD0004F8FBFF36F8F00BF00BFFEE75020009010
:101FE0000098502801D1012000E0002050B900BF26
:101FF000502080F31188BFF34F8FBFF36F8F00BF66
:1020000000BFFEE700BF2C464CB1012084F846001B
:102010004B463A46314640460094FEF7BDFF204607
:10202000BDE8F88370B505460E462C4654B900BF8E
:10203000502080F31188BFF34F8FBFF36F8F00BF25
:1020400000BFFEE7FFF762FCD4E90F12206801FB36
:102050000200A0600020A06320686060E06B401E6A
:10206000226C216800FB0211E160FF2084F844002B
:1020700084F845009EB9206908B9012000E00020DD
:10208000A8B904F1100000F0FFFB80B14FF08050C0
:1020900009490860BFF34F8FBFF36F8F07E004F16A
:1020A0001000FFF7FDFB04F12400FFF7F9FBFFF739
:1020B00057FC012070BD000004ED00E02DE9FF4356
:1020C00083B0064688461D464FF00009344654B991
:1020D00000BF502080F31188BFF34F8FBFF36F8F85
:1020E00000BF00BFFEE7B8F1000F01D1206C08B9B6
:1020F000012000E0002050B900BF502080F311887B
:10210000BFF34F8FBFF36F8F00BF00BFFEE7022DFD
:1021100002D1E06B012801D1012000E0002050B97C
:1021200000BF502080F31188BFF34F8FBFF36F8F34
:1021300000BF00BFFEE700F09DFA08B9059808B996
:10214000012000E0002050B900BF502080F311882A
:10215000BFF34F8FBFF36F8F00BF00BFFEE700BF1D
:10216000FFF7D4FBA06BE16B884201D3022D28D18D
:102170002A4641462046FEF742FE0746606A08B9F5
:10218000012000E0002068B904F1240000F07CFB8D
:1021900088B14FF0805032490860BFF34F8FBFF3D2
:1021A0006F8F08E03FB14FF080502D490860BFF3BA
:1021B0004F8FBFF36F8FFFF7D3FB012007B0BDE850
:1021C000F083059818B9FFF7CBFB0020F6E7B9F1CB
:1021D000000F04D101A8FFF7EDFC4FF00109FFF754
:1021E000BFFBFFF791FDFFF791FB94F94400401C02
:1021F00010B9002084F8440094F94500401C10B93F
:10220000002084F84500FFF7ABFB05A901A800F00A
:102210005BF9F0B92046FEF7D4FFA0B104F110003D
:102220000599FFF7D9FC2046FFF7AFF900F078FBDE
:10223000002895D14FF0805009490860BFF34F8FB7
:10224000BFF36F8F8CE72046FFF79FF900F068FB24
:1022500086E72046FFF799F900F062FB0020ADE722
:1022600004ED00E02DE9F84F07468A4690461E46E9
:102270003C4654B900BF502080F31188BFF34F8F04
:10228000BFF36F8F00BF00BFFEE7BAF1000F01D1AF
:10229000206C08B9012000E0002050B900BF502098
:1022A00080F31188BFF34F8FBFF36F8F00BF00BF64
:1022B000FEE7022E02D1E06B012801D1012000E0EF
:1022C000002050B900BF502080F31188BFF34F8F1A
:1022D000BFF36F8F00BF00BFFEE7FFF7C5FB00BF76
:1022E0005021EFF3118081F31188BFF34F8FBFF3BB
:1022F0006F8F00BF0546A06BE16B884201D3022EB1
:1023000025D194F945B0A06B009032465146204645
:10231000FEF775FD0BF1010088B9606A08B901206C
:1023200000E0002050B904F1240000F0ADFA28B11B
:10233000B8F1000F02D00120C8F8000004E00BF152
:10234000010040B284F845004FF0010901E04FF070
:10235000000900BF85F3118800BF4846BDE8F88F2B
:102360002DE9F74183B005460E464FF000082C4694
:1023700054B900BF502080F31188BFF34F8FBFF3D3
:102380006F8F00BF00BFFEE70EB9206C08B90120B7
:1023900000E0002050B900BF502080F31188BFF347
:1023A0004F8FBFF36F8F00BF00BFFEE700F062F9F1
:1023B00008B9059808B9012000E0002050B900BF15
:1023C000502080F31188BFF34F8FBFF36F8F00BF92
:1023D00000BFFEE700BFFFF799FAA76BF7B13146E0
:1023E0002046FEF7F7FC781EA063206908B901209B
:1023F00000E0002060B904F1100000F045FA38B1A7
:102400004FF080502F490860BFF34F8FBFF36F8F9D
:10241000FFF7A6FA012006B0BDE8F081059818B9CB
:10242000FFF79EFA0020F6E7B8F1000F04D101A8EB
:10243000FFF7C0FB4FF00108FFF792FAFFF764FCCB
:10244000FFF764FA94F94400401C10B9002084F8A6
:10245000440094F94500401C10B9002084F8450060
:10246000FFF77EFA05A901A800F02EF8F0B9204682
:10247000FEF79AFEA0B104F124000599FFF7ACFB2A
:102480002046FFF782F800F04BFA0028A3D14FF066
:1024900080500C490860BFF34F8FBFF36F8F9AE7EE
:1024A0002046FFF772F800F03BFA94E72046FFF76A
:1024B0006CF800F035FA2046FEF776FE00288AD048
:1024C0000020A8E704ED00E070B505460C4655B9BC
:1024D00000BF502080F31188BFF34F8FBFF36F8F81
:1024E00000BF00BFFEE754B900BF502080F3118841
:1024F000BFF34F8FBFF36F8F00BF00BFFEE7FFF743
:1025000005FA124802686868131A2068401C08B966
:10251000002617E00E4928680968884204D06868D8
:10252000904201D801260DE02068984207D9206822
:10253000C01A20602846FFF73DFB002602E000207D
:1025400020600126FFF70CFA304670BD140000240D
:10255000280000242DE9FF4F85B0804689461746A4
:10256000DDE912ABB800FFF74FF8064656B15C2024
:10257000FFF74AF804460CB1266304E03046FFF743
:102580000DFA00E000248CB1002084F85900CDE958
:1025900000ABCDE902403A4649464046089BFEF76B
:1025A00010FD2046FEF75CFB012501E04FF0FF35F2
:1025B000284609B0BDE8F08F2DE9F04F85B00746F9
:1025C000884691469A46DDE90EB6109C0EB1012070
:1025D00000E0002050B900BF502080F31188BFF305
:1025E0004F8FBFF36F8F00BF00BFFEE70CB101201C
:1025F00000E0002050B900BF502080F31188BFF3E5
:102600004F8FBFF36F8F00BF00BFFEE75C200390CA
:1026100003985C2801D1012000E0002050B900BFE0
:10262000502080F31188BFF34F8FBFF36F8F00BF2F
:1026300000BFFEE700BFB4B1AEB125462C462E6305
:10264000022085F85900002004A953464A46CDE9E6
:1026500000B1CDE9025041463846FEF7B2FC2846AB
:10266000FEF7FEFA01E000200490049805B0BDE8F2
:10267000F08F00000549096809B9012005E0044907
:10268000096809B9022000E0002070471C000024FE
:102690003800002401490868704700001400002435
:1026A0002DE9F0414FF000084348006800287BD135
:1026B00042480068451C4148056015BB4048006819
:1026C000006808B9012000E0002050B900BF502088
:1026D00080F31188BFF34F8FBFF36F8F00BF00BF30
:1026E000FEE73748076837480068354908603548CD
:1026F000076035480068401C33490860FEF796FEC5
:1027000000BF3248006885423BD300BF2C480068B8
:10271000006808B9012000E0002020B14FF0FF3030
:102720002A4908602CE026480068C068C4686668CA
:10273000B54202D22548066022E0201DFFF784F84A
:10274000A06A18B104F11800FFF77EF82049E06A8A
:102750000968884202D91E49E06A0860E16A01EB13
:1027600081011C4A02EB8100211DFFF7C3F81A49C1
:10277000E06A0968C96A8842C8D34FF00108C5E712
:1027800000BF15480068C06A00EB8000114951F88D
:102790002000012801D94FF001081048006808B155
:1027A0004FF0010805E0FFE70D480068401C0C49A8
:1027B00008604046BDE8F081380000241400002481
:1027C0000400002408000024280000243000002415
:1027D0001800002404030024000000242400002426
:1027E0002000002470B505462C460026002D43D05D
:1027F00022480068844201D1012000E0002050B945
:1028000000BF502080F31188BFF34F8FBFF36F8F4D
:1028100000BF00BFFEE7206D50B900BF502080F31D
:102820001188BFF34F8FBFF36F8F00BF00BFFEE76C
:10283000206D401E2065E16CE06A88421CD0206D4E
:10284000D0B9201DFFF700F8E06CE062E06AC0F14B
:102850003800A0610A49E06A0968884202D908493B
:10286000E06A0860E16A01EB8101064A02EB81003F
:10287000211DFFF73FF80126304670BD00000024FF
:10288000180000240403002470B50646F068C468EC
:1028900054B900BF502080F31188BFF34F8FBFF3AE
:1028A0006F8F00BF00BFFEE704F11800FEF7CCFFFA
:1028B00015480068A0B9201DFEF7C6FF1349E06A5D
:1028C0000968884202D91149E06A0860E16A01EBAF
:1028D00081010F4A02EB8100211DFFF70BF804E094
:1028E00004F118010B48FFF705F80B49E06A096885
:1028F000C96A884204D9012501200849086000E01E
:102900000025284670BD000038000024180000246F
:10291000040300248C070024000000242400002469
:1029200070B5002400263648006850B900BF50201A
:1029300080F31188BFF34F8FBFF36F8F00BF00BFCD
:10294000FEE7FEF7E3FF2E480068401E2C490860B2
:102950000846006800284ED12A48006800284AD05E
:1029600023E02948C068C46804F11800FEF76CFF32
:10297000201DFEF769FF2549E06A0968884202D9EF
:102980002249E06A0860E16A01EB8101204A02EB1A
:102990008100211DFEF7AEFF1E49E06A0968C96A81
:1029A000884202D301201C4908601748006808B912
:1029B000012000E000200028D3D00CB1FEF736FD46
:1029C0001648056865B100BFFFF76AFE10B1012027
:1029D000114908606D1E002DF6D100200F490860D6
:1029E0000D48006838B1012630070D490860BFF373
:1029F0004F8FBFF36F8FFEF7B3FF304670BD0000FF
:102A000038000024100000248C0700241800002443
:102A100004030024000000242400002420000024DB
:102A200004ED00E010B586B00024FEF775F91648F5
:102A30000068D0B100200590049003AA04A905A85D
:102A4000FEF722FF0222DDE904100023CDE9002178
:102A500002900EA10F48039AFFF7AEFD0E490860E1
:102A60000846006800B1012400BF54B900BF5020DF
:102A700080F31188BFF34F8FBFF36F8F00BF00BF8C
:102A8000FEE7204606B010BD44000024546D7220BD
:102A90005376630071150108480000242DE9FF47B3
:102AA00004460D4616461F46DDF830804FF00009FB
:102AB00054B900BF502080F31188BFF34F8FBFF38C
:102AC0006F8F00BF00BFFEE71448006810B3009589
:102AD00001960294062D15DAFFF7CCFD022808D1E5
:102AE0000023424669460D480068FFF7E7FA814631
:102AF00010E000231A46694608480068FFF7DEFA2E
:102B0000814607E000233A46694604480068FFF71B
:102B1000A9FB8146484604B0BDE8F0874400002484
:102B2000742D0108000000000000000000000000FB
:102B3000000000000002000018000000000000007B
:102B400000000000582D01080000000000000000F7
:102B50000000000000000000000400001800000059
:102B60000000000000000000182D01080000000017
:102B70000000000000000000000000000004000051
:102B8000180000000000000000000000282D0108CF
:102B90000000000000000000000000000000000035
:102BA0000004000018000000000000000000000009
:102BB000642D01080000000000000000000000007B
:102BC00000000000000400001800000000000000E9
:102BD00000000000382D0108000000000000000087
:102BE00000000000000000000004000018000000C9
:102BF0000000000000000000502D0108000000004F
:102C000000000000000000000000000000040000C0
:102C1000180000000000000000000000802D0108E6
:102C200000000000000000000000000000000000A4
:102C3000000200001800000000000000000000007A
:102C4000402D01080000000000000000000000000E
:102C50000000000000040000180000000000000058
:102C60000000000000061016000610160001020306
:102C700004050607080C101418203040000000005E
:102C80000000000000000000000000000000000044
:102C9000010000000200000003000000040000002A
:102CA000000000000500000000000000000000001F
:102CB000000000000600000000000000000000000E
:102CC00000000000070000000100020004000600F0
:102CD00008000A000C0010002000400080000001E5
:102CE00001010103070100000804020408010101B9
:102CF00000000000010203040102030406070809A2
:102D0000010305070900000001000300090000009D
:102D1000050007000E110000586F75745F63616E47
:102D2000315461736B000000586F75745F63616E9E
:102D3000325461736B0000005553425461736B0051
:102D4000676F6E6777616E675461736B0000000098
:102D5000636F6D5461736B006D61696E5461736B69
:102D600000000000636F6E74726F6C6C657254616A
:102D7000736B000064656661756C745461736B00FD
:102D8000696D755461736B00A82D01080000002463
:102D9000C40200000C050008842E0108C4020024AF
:102DA0008C7D0000EA00010801741AAA0101343286
:102DB0001042013C90D00304A1A90C011F3942D15B
:102DC000135C58025824296E0A59F0601331DB1B3A
:102DD0000879041A89041AB5041AF50413FDDA1BDC
:102DE00008410841131201140202021640830440F4
:102DF000571D020102039114050F0C1C0107101747
:102E000021071A040309041A0313B1051B08AB04B4
:102E10001A67041AD5041AF90441130A06293F2A2D
:102E200040E0130DD2140809D04C0857D41C1ADD09
:102E30000C13FDCE4C08C1CF10811381D11B083D6E
:102E4000041AC9041A2D041C090243931125C03227
:102E500009041B01020B1305241610010524011897
:102E6000090104240202052406A815058203081C92
:102E7000100904C9320A2E0705010240072A8107FA
:042E80002481018226
:04000005080002CD20
:00000001FF
